NMFS_POPID,RECOVERY_DOMAIN,ESU,MAJOR_POPULATION_GROUP,COMMON_POPULATION_NAME,NWR_Population_name,Population_RunTime,SPECIES,RUN_TIMING,STREAM_NAME,START_YEAR,END_YEAR,BROOD_YEAR,VIABILITY_TYPE,NUMBER_OF_SPAWNERS,SPAWNER_NOTES,FRACWILD,HATCHERY_FRACTION,HATCHERY_FRACTION_NOTES,CATCH,AGE_1_RETURNS,AGE_2_RETURNS,AGE_3_RETURNS,AGE_4_RETURNS,AGE_5_RETURNS,AGE_6_RETURNS,AGE_7_RETURNS,AGE_1_HARVEST,AGE_2_HARVEST,AGE_3_HARVEST,AGE_4_HARVEST,AGE_5_HARVEST,AGE_6_HARVEST,AGE_7_HARVEST,REGIME,AGE_NOTES,ABUND_COUNT_EXTERNAL_FILE_1_LI,ABUND_COUNT_EXTERNAL_FILE_2_LI,POPULATION_DB_ID,TOTAL_SPAWNERS_WITH_JACKS,NATURAL_SPAWNERS_WITH_JACKS,NATURAL_ADULT_ANNUAL_RUN_4_6,JACK_FRAC_OF_HATCHERY_SPAWNERS,ADULT_NATURAL_HARVEST_RATE,NAT_NO_ORIGIN_BROOD_STOCK,ADULT_BROOD_RETURNS,SAR_ADJUSTED_ADULT_BRD_RETURNS,LINK_REFERENCE_S,ADJUSTED_LINK_REFERENCE_S,ATTRIBUTE_SCOPE_TYPE,INCLUDE_AGE2,HATCHERY_RETURN,HATCHERY_RETURN_NOR,NUMBER_USED_FOR_BROODSTOCK,FRACTION_BROODSTOCK_TAKEN_NOR,AGE_DATA_TYPE,AGE_DETERMINATION_SAMPLE_SIZE,AEQ_CATCH_AGE2_OCEAN,CO2_DATA_TYPE,AEQ_CATCH_AGE3_OCEAN,CO3_DATA_TYPE,AEQ_CATCH_AGE4_OCEAN,CO4_DATA_TYPE,AEQ_CATCH_AGE5_OCEAN,CO5_DATA_TYPE,CATCH_AGE2_TERMINAL_FISHERIES,CTF2_DATA_TYPE,CATCH_AGE3_TERMINAL_FISHERIES,CTF3_DATA_TYPE,CATCH_AGE4_TERMINAL_FISHERIES,CTF4_DATA_TYPE,CATCH_AGE5_TERMINAL_FISHERIES,CTF5_DATA_TYPE,PPM_POSTFISHERY_PRESPAWN_MORT,PPM_AGE2,PPM_AGE3,PPM_AGE4,PPM_AGE5,RETURN_POTENTIAL,RETURN_POTENTIAL_AGE2,RETURN_POTENTIAL_AGE3,RETURN_POTENTIAL_AGE4,RETURN_POTENTIAL_AGE5,SAIP_STOCK_ID,SAIP_ABUNDANCE,SAIP_CATCH,SAIP_ANTHROPOGENIC,SAIP_LIFE_HISTORY,SAIP_ASSESSMENT_MODEL,SAIP_FREQUENCY,QAQC_FLAG
11,Willamette/Lower Columbia,"Salmon, Chinook (Lower Columbia River ESU)",Cascade,Kalama River,Chinook Salmon (Lower Columbia River ESU) - Kalama River Fall-run,Kalama River-Fall-run,Chinook,Fall-run,,1964,2014,1977,,6484,,0.5,,,-99,0,0.003,0.409,0.475,0.113,0,-99,,,,,,,,-99,,,,,,,,,,,,,,,,,,,,,,,,,,,,,,,,,,,,,,,,,,,,,,,,,,,,,,,,
11,Willamette/Lower Columbia,"Salmon, Chinook (Lower Columbia River ESU)",Cascade,Kalama River,Chinook Salmon (Lower Columbia River ESU) - Kalama River Fall-run,Kalama River-Fall-run,Chinook,Fall-run,,1964,2014,1978,,3637,,0.5,,,-99,0,0.041,0.06,0.777,0.121,0,-99,,,,,,,,-99,,,,,,,,,,,,,,,,,,,,,,,,,,,,,,,,,,,,,,,,,,,,,,,,,,,,,,,,
11,Willamette/Lower Columbia,"Salmon, Chinook (Lower Columbia River ESU)",Cascade,Kalama River,Chinook Salmon (Lower Columbia River ESU) - Kalama River Fall-run,Kalama River-Fall-run,Chinook,Fall-run,,1964,2014,1979,,2704,,0.5,,,-99,0,0.036,0.679,0.104,0.18,0,-99,,,,,,,,-99,,,,,,,,,,,,,,,,,,,,,,,,,,,,,,,,,,,,,,,,,,,,,,,,,,,,,,,,
11,Willamette/Lower Columbia,"Salmon, Chinook (Lower Columbia River ESU)",Cascade,Kalama River,Chinook Salmon (Lower Columbia River ESU) - Kalama River Fall-run,Kalama River-Fall-run,Chinook,Fall-run,,1964,2014,1980,,5675,,0.5,,,-99,0,0.014,0.33,0.643,0.013,0,-99,,,,,,,,-99,,,,,,,,,,,,,,,,,,,,,,,,,,,,,,,,,,,,,,,,,,,,,,,,,,,,,,,,
11,Willamette/Lower Columbia,"Salmon, Chinook (Lower Columbia River ESU)",Cascade,Kalama River,Chinook Salmon (Lower Columbia River ESU) - Kalama River Fall-run,Kalama River-Fall-run,Chinook,Fall-run,,1964,2014,1981,,1840,,0.5,,,-99,0,0.045,0.227,0.577,0.151,0,-99,,,,,,,,-99,,,,,,,,,,,,,,,,,,,,,,,,,,,,,,,,,,,,,,,,,,,,,,,,,,,,,,,,
11,Willamette/Lower Columbia,"Salmon, Chinook (Lower Columbia River ESU)",Cascade,Kalama River,Chinook Salmon (Lower Columbia River ESU) - Kalama River Fall-run,Kalama River-Fall-run,Chinook,Fall-run,,1964,2014,1982,,4570,,0.5,,,-99,0,0.021,0.574,0.302,0.103,0,-99,,,,,,,,-99,,,,,,,,,,,,,,,,,,,,,,,,,,,,,,,,,,,,,,,,,,,,,,,,,,,,,,,,
11,Willamette/Lower Columbia,"Salmon, Chinook (Lower Columbia River ESU)",Cascade,Kalama River,Chinook Salmon (Lower Columbia River ESU) - Kalama River Fall-run,Kalama River-Fall-run,Chinook,Fall-run,,1964,2014,1983,,2681,,0.5,,,-99,0,0.013,0.241,0.697,0.049,0,-99,,,,,,,,-99,,,,,,,,,,,,,,,,,,,,,,,,,,,,,,,,,,,,,,,,,,,,,,,,,,,,,,,,
11,Willamette/Lower Columbia,"Salmon, Chinook (Lower Columbia River ESU)",Cascade,Kalama River,Chinook Salmon (Lower Columbia River ESU) - Kalama River Fall-run,Kalama River-Fall-run,Chinook,Fall-run,,1964,2014,1984,,2955,,0.5,,,-99,0,0.004,0.273,0.52,0.202,0,-99,,,,,,,,-99,,,,,,,,,,,,,,,,,,,,,,,,,,,,,,,,,,,,,,,,,,,,,,,,,,,,,,,,
11,Willamette/Lower Columbia,"Salmon, Chinook (Lower Columbia River ESU)",Cascade,Kalama River,Chinook Salmon (Lower Columbia River ESU) - Kalama River Fall-run,Kalama River-Fall-run,Chinook,Fall-run,,1964,2014,1985,,1055,,0.5,,,-99,0,0.084,0.101,0.649,0.166,0,-99,,,,,,,,-99,,,,,,,,,,,,,,,,,,,,,,,,,,,,,,,,,,,,,,,,,,,,,,,,,,,,,,,,
11,Willamette/Lower Columbia,"Salmon, Chinook (Lower Columbia River ESU)",Cascade,Kalama River,Chinook Salmon (Lower Columbia River ESU) - Kalama River Fall-run,Kalama River-Fall-run,Chinook,Fall-run,,1964,2014,1986,,2227,,0.5,,,-99,0,0.051,0.77,0.096,0.083,0,-99,,,,,,,,-99,,,,,,,,,,,,,,,,,,,,,,,,,,,,,,,,,,,,,,,,,,,,,,,,,,,,,,,,
11,Willamette/Lower Columbia,"Salmon, Chinook (Lower Columbia River ESU)",Cascade,Kalama River,Chinook Salmon (Lower Columbia River ESU) - Kalama River Fall-run,Kalama River-Fall-run,Chinook,Fall-run,,1964,2014,1987,,9632,,0.5,,,-99,0,0.044,0.367,0.58,0.01,0,-99,,,,,,,,-99,,,,,,,,,,,,,,,,,,,,,,,,,,,,,,,,,,,,,,,,,,,,,,,,,,,,,,,,
11,Willamette/Lower Columbia,"Salmon, Chinook (Lower Columbia River ESU)",Cascade,Kalama River,Chinook Salmon (Lower Columbia River ESU) - Kalama River Fall-run,Kalama River-Fall-run,Chinook,Fall-run,,1964,2014,1988,,24279,,0.5,,,-99,0,0.013,0.478,0.42,0.089,0,-99,,,,,,,,-99,,,,,,,,,,,,,,,,,,,,,,,,,,,,,,,,,,,,,,,,,,,,,,,,,,,,,,,,
11,Willamette/Lower Columbia,"Salmon, Chinook (Lower Columbia River ESU)",Cascade,Kalama River,Chinook Salmon (Lower Columbia River ESU) - Kalama River Fall-run,Kalama River-Fall-run,Chinook,Fall-run,,1964,2014,1989,,20413,,0.5,,,-99,0,0.02,0.187,0.709,0.084,0,-99,,,,,,,,-99,,,,,,,,,,,,,,,,,,,,,,,,,,,,,,,,,,,,,,,,,,,,,,,,,,,,,,,,
11,Willamette/Lower Columbia,"Salmon, Chinook (Lower Columbia River ESU)",Cascade,Kalama River,Chinook Salmon (Lower Columbia River ESU) - Kalama River Fall-run,Kalama River-Fall-run,Chinook,Fall-run,,1964,2014,1990,,2054,,0.5,,,-99,0,0.017,0.401,0.386,0.196,0,-99,,,,,,,,-99,,,,,,,,,,,,,,,,,,,,,,,,,,,,,,,,,,,,,,,,,,,,,,,,,,,,,,,,
15,Willamette/Lower Columbia,"Salmon, Chinook (Lower Columbia River ESU)",Cascade,Lower Cowlitz River,Chinook Salmon (Lower Columbia River ESU) - Lower Cowlitz River Fall-run,Lower Cowlitz River-Fall-run,Chinook,Fall-run,,1964,2013,1977,,5837,,0.26,,,-99,0,0.133,0.031,0.684,0.147,0.004,-99,,,,,,,,-99,,,,,,,,,,,,,,,,,,,,,,,,,,,,,,,,,,,,,,,,,,,,,,,,,,,,,,,,
15,Willamette/Lower Columbia,"Salmon, Chinook (Lower Columbia River ESU)",Cascade,Lower Cowlitz River,Chinook Salmon (Lower Columbia River ESU) - Lower Cowlitz River Fall-run,Lower Cowlitz River-Fall-run,Chinook,Fall-run,,1964,2013,1978,,3192,,0.26,,,-99,0,0.007,0.486,0.13,0.372,0.006,-99,,,,,,,,-99,,,,,,,,,,,,,,,,,,,,,,,,,,,,,,,,,,,,,,,,,,,,,,,,,,,,,,,,
15,Willamette/Lower Columbia,"Salmon, Chinook (Lower Columbia River ESU)",Cascade,Lower Cowlitz River,Chinook Salmon (Lower Columbia River ESU) - Lower Cowlitz River Fall-run,Lower Cowlitz River-Fall-run,Chinook,Fall-run,,1964,2013,1979,,8253,,0.26,,,-99,0,0.063,0.01,0.889,0.031,0.006,-99,,,,,,,,-99,,,,,,,,,,,,,,,,,,,,,,,,,,,,,,,,,,,,,,,,,,,,,,,,,,,,,,,,
15,Willamette/Lower Columbia,"Salmon, Chinook (Lower Columbia River ESU)",Cascade,Lower Cowlitz River,Chinook Salmon (Lower Columbia River ESU) - Lower Cowlitz River Fall-run,Lower Cowlitz River-Fall-run,Chinook,Fall-run,,1964,2013,1980,,2418,,0.26,,,-99,0,0.029,0.294,0.056,0.62,0.002,-99,,,,,,,,-99,,,,,,,,,,,,,,,,,,,,,,,,,,,,,,,,,,,,,,,,,,,,,,,,,,,,,,,,
15,Willamette/Lower Columbia,"Salmon, Chinook (Lower Columbia River ESU)",Cascade,Lower Cowlitz River,Chinook Salmon (Lower Columbia River ESU) - Lower Cowlitz River Fall-run,Lower Cowlitz River-Fall-run,Chinook,Fall-run,,1964,2013,1981,,3991,,0.26,,,-99,0,0.077,0.069,0.817,0.02,0.016,-99,,,,,,,,-99,,,,,,,,,,,,,,,,,,,,,,,,,,,,,,,,,,,,,,,,,,,,,,,,,,,,,,,,
15,Willamette/Lower Columbia,"Salmon, Chinook (Lower Columbia River ESU)",Cascade,Lower Cowlitz River,Chinook Salmon (Lower Columbia River ESU) - Lower Cowlitz River Fall-run,Lower Cowlitz River-Fall-run,Chinook,Fall-run,,1964,2013,1982,,3024,,0.26,,,-99,0,0.021,0.271,0.278,0.429,0.001,-99,,,,,,,,-99,,,,,,,,,,,,,,,,,,,,,,,,,,,,,,,,,,,,,,,,,,,,,,,,,,,,,,,,
15,Willamette/Lower Columbia,"Salmon, Chinook (Lower Columbia River ESU)",Cascade,Lower Cowlitz River,Chinook Salmon (Lower Columbia River ESU) - Lower Cowlitz River Fall-run,Lower Cowlitz River-Fall-run,Chinook,Fall-run,,1964,2013,1983,,3654,,0.26,,,-99,0,0.12,0.048,0.724,0.097,0.011,-99,,,,,,,,-99,,,,,,,,,,,,,,,,,,,,,,,,,,,,,,,,,,,,,,,,,,,,,,,,,,,,,,,,
15,Willamette/Lower Columbia,"Salmon, Chinook (Lower Columbia River ESU)",Cascade,Lower Cowlitz River,Chinook Salmon (Lower Columbia River ESU) - Lower Cowlitz River Fall-run,Lower Cowlitz River-Fall-run,Chinook,Fall-run,,1964,2013,1984,,2577,,0.26,,,-99,0,0.037,0.407,0.186,0.366,0.004,-99,,,,,,,,-99,,,,,,,,,,,,,,,,,,,,,,,,,,,,,,,,,,,,,,,,,,,,,,,,,,,,,,,,
15,Willamette/Lower Columbia,"Salmon, Chinook (Lower Columbia River ESU)",Cascade,Lower Cowlitz River,Chinook Salmon (Lower Columbia River ESU) - Lower Cowlitz River Fall-run,Lower Cowlitz River-Fall-run,Chinook,Fall-run,,1964,2013,1985,,4300,,0.26,,,-99,0,0.096,0.063,0.787,0.047,0.007,-99,,,,,,,,-99,,,,,,,,,,,,,,,,,,,,,,,,,,,,,,,,,,,,,,,,,,,,,,,,,,,,,,,,
15,Willamette/Lower Columbia,"Salmon, Chinook (Lower Columbia River ESU)",Cascade,Lower Cowlitz River,Chinook Salmon (Lower Columbia River ESU) - Lower Cowlitz River Fall-run,Lower Cowlitz River-Fall-run,Chinook,Fall-run,,1964,2013,1986,,2229,,0.26,,,-99,0,0.11,0.299,0.223,0.366,0.002,-99,,,,,,,,-99,,,,,,,,,,,,,,,,,,,,,,,,,,,,,,,,,,,,,,,,,,,,,,,,,,,,,,,,
15,Willamette/Lower Columbia,"Salmon, Chinook (Lower Columbia River ESU)",Cascade,Lower Cowlitz River,Chinook Salmon (Lower Columbia River ESU) - Lower Cowlitz River Fall-run,Lower Cowlitz River-Fall-run,Chinook,Fall-run,,1964,2013,1987,,5930,,0.26,,,-99,0,0.097,0.203,0.631,0.061,0.007,-99,,,,,,,,-99,,,,,,,,,,,,,,,,,,,,,,,,,,,,,,,,,,,,,,,,,,,,,,,,,,,,,,,,
15,Willamette/Lower Columbia,"Salmon, Chinook (Lower Columbia River ESU)",Cascade,Lower Cowlitz River,Chinook Salmon (Lower Columbia River ESU) - Lower Cowlitz River Fall-run,Lower Cowlitz River-Fall-run,Chinook,Fall-run,,1964,2013,1988,,7700,,0.26,,,-99,0,0.02,0.225,0.536,0.218,0.002,-99,,,,,,,,-99,,,,,,,,,,,,,,,,,,,,,,,,,,,,,,,,,,,,,,,,,,,,,,,,,,,,,,,,
15,Willamette/Lower Columbia,"Salmon, Chinook (Lower Columbia River ESU)",Cascade,Lower Cowlitz River,Chinook Salmon (Lower Columbia River ESU) - Lower Cowlitz River Fall-run,Lower Cowlitz River-Fall-run,Chinook,Fall-run,,1964,2013,1989,,7220,,0.26,,,-99,0,0.019,0.055,0.702,0.218,0.006,-99,,,,,,,,-99,,,,,,,,,,,,,,,,,,,,,,,,,,,,,,,,,,,,,,,,,,,,,,,,,,,,,,,,
15,Willamette/Lower Columbia,"Salmon, Chinook (Lower Columbia River ESU)",Cascade,Lower Cowlitz River,Chinook Salmon (Lower Columbia River ESU) - Lower Cowlitz River Fall-run,Lower Cowlitz River-Fall-run,Chinook,Fall-run,,1964,2013,1990,,2698,,0.26,,,-99,0,0.054,0.095,0.313,0.526,0.012,-99,,,,,,,,-99,,,,,,,,,,,,,,,,,,,,,,,,,,,,,,,,,,,,,,,,,,,,,,,,,,,,,,,,
15,Willamette/Lower Columbia,"Salmon, Chinook (Lower Columbia River ESU)",Cascade,Lower Cowlitz River,Chinook Salmon (Lower Columbia River ESU) - Lower Cowlitz River Fall-run,Lower Cowlitz River-Fall-run,Chinook,Fall-run,,1964,2013,1991,,2567,,0.26,,,-99,0,0.024,0.246,0.492,0.212,0.026,-99,,,,,,,,-99,,,,,,,,,,,,,,,,,,,,,,,,,,,,,,,,,,,,,,,,,,,,,,,,,,,,,,,,
15,Willamette/Lower Columbia,"Salmon, Chinook (Lower Columbia River ESU)",Cascade,Lower Cowlitz River,Chinook Salmon (Lower Columbia River ESU) - Lower Cowlitz River Fall-run,Lower Cowlitz River-Fall-run,Chinook,Fall-run,,1964,2013,1992,,2683,,0.26,,,-99,0,0.076,0.059,0.682,0.178,0.006,-99,,,,,,,,-99,,,,,,,,,,,,,,,,,,,,,,,,,,,,,,,,,,,,,,,,,,,,,,,,,,,,,,,,
20,Willamette/Lower Columbia,"Salmon, Chinook (Lower Columbia River ESU)",Cascade,Sandy River,Chinook Salmon (Lower Columbia River ESU) - Sandy River Bright,Sandy River-Late Fall,Chinook,Late Fall,,1981,2007,1981,,3156,,0.76,,,-99,0,0,0.14,0.69,0.16,0,0,,,,,,,,-99,,,,,,,,,,,,,,,,,,,,,,,,,,,,,,,,,,,,,,,,,,,,,,,,,,,,,,,,
20,Willamette/Lower Columbia,"Salmon, Chinook (Lower Columbia River ESU)",Cascade,Sandy River,Chinook Salmon (Lower Columbia River ESU) - Sandy River Bright,Sandy River-Late Fall,Chinook,Late Fall,,1981,2007,1982,,3655,,0.76,,,-99,0,0,0.14,0.69,0.16,0,0,,,,,,,,-99,,,,,,,,,,,,,,,,,,,,,,,,,,,,,,,,,,,,,,,,,,,,,,,,,,,,,,,,
20,Willamette/Lower Columbia,"Salmon, Chinook (Lower Columbia River ESU)",Cascade,Sandy River,Chinook Salmon (Lower Columbia River ESU) - Sandy River Bright,Sandy River-Late Fall,Chinook,Late Fall,,1981,2007,1983,,2575,,0.76,,,-99,0,0,0.14,0.69,0.16,0,0,,,,,,,,-99,,,,,,,,,,,,,,,,,,,,,,,,,,,,,,,,,,,,,,,,,,,,,,,,,,,,,,,,
20,Willamette/Lower Columbia,"Salmon, Chinook (Lower Columbia River ESU)",Cascade,Sandy River,Chinook Salmon (Lower Columbia River ESU) - Sandy River Bright,Sandy River-Late Fall,Chinook,Late Fall,,1981,2007,1984,,3323,,0.76,,,-99,0,0,0.14,0.69,0.16,0,0,,,,,,,,-99,,,,,,,,,,,,,,,,,,,,,,,,,,,,,,,,,,,,,,,,,,,,,,,,,,,,,,,,
20,Willamette/Lower Columbia,"Salmon, Chinook (Lower Columbia River ESU)",Cascade,Sandy River,Chinook Salmon (Lower Columbia River ESU) - Sandy River Bright,Sandy River-Late Fall,Chinook,Late Fall,,1981,2007,1985,,2087,,0.76,,,-99,0,0,0.14,0.69,0.16,0,0,,,,,,,,-99,,,,,,,,,,,,,,,,,,,,,,,,,,,,,,,,,,,,,,,,,,,,,,,,,,,,,,,,
20,Willamette/Lower Columbia,"Salmon, Chinook (Lower Columbia River ESU)",Cascade,Sandy River,Chinook Salmon (Lower Columbia River ESU) - Sandy River Bright,Sandy River-Late Fall,Chinook,Late Fall,,1981,2007,1986,,2845,,0.76,,,-99,0,0,0.14,0.69,0.16,0,0,,,,,,,,-99,,,,,,,,,,,,,,,,,,,,,,,,,,,,,,,,,,,,,,,,,,,,,,,,,,,,,,,,
20,Willamette/Lower Columbia,"Salmon, Chinook (Lower Columbia River ESU)",Cascade,Sandy River,Chinook Salmon (Lower Columbia River ESU) - Sandy River Bright,Sandy River-Late Fall,Chinook,Late Fall,,1981,2007,1987,,9160,,0.76,,,-99,0,0,0.14,0.69,0.16,0,0,,,,,,,,-99,,,,,,,,,,,,,,,,,,,,,,,,,,,,,,,,,,,,,,,,,,,,,,,,,,,,,,,,
20,Willamette/Lower Columbia,"Salmon, Chinook (Lower Columbia River ESU)",Cascade,Sandy River,Chinook Salmon (Lower Columbia River ESU) - Sandy River Bright,Sandy River-Late Fall,Chinook,Late Fall,,1981,2007,1988,,6958,,0.76,,,-99,0,0,0.14,0.69,0.16,0,0,,,,,,,,-99,,,,,,,,,,,,,,,,,,,,,,,,,,,,,,,,,,,,,,,,,,,,,,,,,,,,,,,,
20,Willamette/Lower Columbia,"Salmon, Chinook (Lower Columbia River ESU)",Cascade,Sandy River,Chinook Salmon (Lower Columbia River ESU) - Sandy River Bright,Sandy River-Late Fall,Chinook,Late Fall,,1981,2007,1989,,8557,,0.76,,,-99,0,0,0.14,0.69,0.16,0,0,,,,,,,,-99,,,,,,,,,,,,,,,,,,,,,,,,,,,,,,,,,,,,,,,,,,,,,,,,,,,,,,,,
20,Willamette/Lower Columbia,"Salmon, Chinook (Lower Columbia River ESU)",Cascade,Sandy River,Chinook Salmon (Lower Columbia River ESU) - Sandy River Bright,Sandy River-Late Fall,Chinook,Late Fall,,1981,2007,1990,,3516,,0.76,,,-99,0,0,0.14,0.69,0.16,0,0,,,,,,,,-99,,,,,,,,,,,,,,,,,,,,,,,,,,,,,,,,,,,,,,,,,,,,,,,,,,,,,,,,
20,Willamette/Lower Columbia,"Salmon, Chinook (Lower Columbia River ESU)",Cascade,Sandy River,Chinook Salmon (Lower Columbia River ESU) - Sandy River Bright,Sandy River-Late Fall,Chinook,Late Fall,,1981,2007,1991,,2939,,0.76,,,-99,0,0,0.14,0.69,0.16,0,0,,,,,,,,-99,,,,,,,,,,,,,,,,,,,,,,,,,,,,,,,,,,,,,,,,,,,,,,,,,,,,,,,,
20,Willamette/Lower Columbia,"Salmon, Chinook (Lower Columbia River ESU)",Cascade,Sandy River,Chinook Salmon (Lower Columbia River ESU) - Sandy River Bright,Sandy River-Late Fall,Chinook,Late Fall,,1981,2007,1992,,4185,,0.76,,,-99,0,0,0.14,0.69,0.16,0,0,,,,,,,,-99,,,,,,,,,,,,,,,,,,,,,,,,,,,,,,,,,,,,,,,,,,,,,,,,,,,,,,,,
20,Willamette/Lower Columbia,"Salmon, Chinook (Lower Columbia River ESU)",Cascade,Sandy River,Chinook Salmon (Lower Columbia River ESU) - Sandy River Bright,Sandy River-Late Fall,Chinook,Late Fall,,1981,2007,1993,,5733,,0.76,,,-99,0,0,0.14,0.69,0.16,0,0,,,,,,,,-99,,,,,,,,,,,,,,,,,,,,,,,,,,,,,,,,,,,,,,,,,,,,,,,,,,,,,,,,
20,Willamette/Lower Columbia,"Salmon, Chinook (Lower Columbia River ESU)",Cascade,Sandy River,Chinook Salmon (Lower Columbia River ESU) - Sandy River Bright,Sandy River-Late Fall,Chinook,Late Fall,,1981,2007,1994,,2420,,0.76,,,-99,0,0,0.14,0.69,0.16,0,0,,,,,,,,-99,,,,,,,,,,,,,,,,,,,,,,,,,,,,,,,,,,,,,,,,,,,,,,,,,,,,,,,,
20,Willamette/Lower Columbia,"Salmon, Chinook (Lower Columbia River ESU)",Cascade,Sandy River,Chinook Salmon (Lower Columbia River ESU) - Sandy River Bright,Sandy River-Late Fall,Chinook,Late Fall,,1981,2007,1995,,4382,,0.76,,,-99,0,0,0.14,0.69,0.16,0,0,,,,,,,,-99,,,,,,,,,,,,,,,,,,,,,,,,,,,,,,,,,,,,,,,,,,,,,,,,,,,,,,,,
20,Willamette/Lower Columbia,"Salmon, Chinook (Lower Columbia River ESU)",Cascade,Sandy River,Chinook Salmon (Lower Columbia River ESU) - Sandy River Bright,Sandy River-Late Fall,Chinook,Late Fall,,1981,2007,1996,,2119,,0.76,,,-99,0,0,0.14,0.69,0.16,0,0,,,,,,,,-99,,,,,,,,,,,,,,,,,,,,,,,,,,,,,,,,,,,,,,,,,,,,,,,,,,,,,,,,
20,Willamette/Lower Columbia,"Salmon, Chinook (Lower Columbia River ESU)",Cascade,Sandy River,Chinook Salmon (Lower Columbia River ESU) - Sandy River Bright,Sandy River-Late Fall,Chinook,Late Fall,,1981,2007,1997,,8443,,0.76,,,-99,0,0,0.14,0.69,0.16,0,0,,,,,,,,-99,,,,,,,,,,,,,,,,,,,,,,,,,,,,,,,,,,,,,,,,,,,,,,,,,,,,,,,,
20,Willamette/Lower Columbia,"Salmon, Chinook (Lower Columbia River ESU)",Cascade,Sandy River,Chinook Salmon (Lower Columbia River ESU) - Sandy River Bright,Sandy River-Late Fall,Chinook,Late Fall,,1981,2007,1998,,3251,,0.76,,,-99,0,0,0.14,0.69,0.16,0,0,,,,,,,,-99,,,,,,,,,,,,,,,,,,,,,,,,,,,,,,,,,,,,,,,,,,,,,,,,,,,,,,,,
20,Willamette/Lower Columbia,"Salmon, Chinook (Lower Columbia River ESU)",Cascade,Sandy River,Chinook Salmon (Lower Columbia River ESU) - Sandy River Bright,Sandy River-Late Fall,Chinook,Late Fall,,1981,2007,1999,,1890,,0.76,,,-99,0,0,0.14,0.69,0.16,0,0,,,,,,,,-99,,,,,,,,,,,,,,,,,,,,,,,,,,,,,,,,,,,,,,,,,,,,,,,,,,,,,,,,
20,Willamette/Lower Columbia,"Salmon, Chinook (Lower Columbia River ESU)",Cascade,Sandy River,Chinook Salmon (Lower Columbia River ESU) - Sandy River Bright,Sandy River-Late Fall,Chinook,Late Fall,,1981,2007,2000,,363,,0.76,,,-99,0,0,0.14,0.69,0.16,0,0,,,,,,,,-99,,,,,,,,,,,,,,,,,,,,,,,,,,,,,,,,,,,,,,,,,,,,,,,,,,,,,,,,
20,Willamette/Lower Columbia,"Salmon, Chinook (Lower Columbia River ESU)",Cascade,Sandy River,Chinook Salmon (Lower Columbia River ESU) - Sandy River Bright,Sandy River-Late Fall,Chinook,Late Fall,,1981,2007,2001,,3510,,0.76,,,-99,0,0,0.14,0.69,0.16,0,0,,,,,,,,-99,,,,,,,,,,,,,,,,,,,,,,,,,,,,,,,,,,,,,,,,,,,,,,,,,,,,,,,,
20,Willamette/Lower Columbia,"Salmon, Chinook (Lower Columbia River ESU)",Cascade,Sandy River,Chinook Salmon (Lower Columbia River ESU) - Sandy River Bright,Sandy River-Late Fall,Chinook,Late Fall,,1981,2007,2002,,5463,,0.76,,,-99,0,0,0.14,0.69,0.16,0,0,,,,,,,,-99,,,,,,,,,,,,,,,,,,,,,,,,,,,,,,,,,,,,,,,,,,,,,,,,,,,,,,,,
20,Willamette/Lower Columbia,"Salmon, Chinook (Lower Columbia River ESU)",Cascade,Sandy River,Chinook Salmon (Lower Columbia River ESU) - Sandy River Bright,Sandy River-Late Fall,Chinook,Late Fall,,1981,2007,2003,,3993,,0.76,,,-99,0,0,0.14,0.69,0.16,0,0,,,,,,,,-99,,,,,,,,,,,,,,,,,,,,,,,,,,,,,,,,,,,,,,,,,,,,,,,,,,,,,,,,
20,Willamette/Lower Columbia,"Salmon, Chinook (Lower Columbia River ESU)",Cascade,Sandy River,Chinook Salmon (Lower Columbia River ESU) - Sandy River Bright,Sandy River-Late Fall,Chinook,Late Fall,,1981,2007,2004,,2524,,0.76,,,-99,0,0,0.14,0.69,0.16,0,0,,,,,,,,-99,,,,,,,,,,,,,,,,,,,,,,,,,,,,,,,,,,,,,,,,,,,,,,,,,,,,,,,,
20,Willamette/Lower Columbia,"Salmon, Chinook (Lower Columbia River ESU)",Cascade,Sandy River,Chinook Salmon (Lower Columbia River ESU) - Sandy River Bright,Sandy River-Late Fall,Chinook,Late Fall,,1981,2007,2005,,3998,,0.76,,,-99,0,0,0.14,0.69,0.16,0,0,,,,,,,,-99,,,,,,,,,,,,,,,,,,,,,,,,,,,,,,,,,,,,,,,,,,,,,,,,,,,,,,,,
20,Willamette/Lower Columbia,"Salmon, Chinook (Lower Columbia River ESU)",Cascade,Sandy River,Chinook Salmon (Lower Columbia River ESU) - Sandy River Bright,Sandy River-Late Fall,Chinook,Late Fall,,1981,2007,2006,,5359,,0.76,,,-99,0,0,0.14,0.69,0.16,0,0,,,,,,,,-99,,,,,,,,,,,,,,,,,,,,,,,,,,,,,,,,,,,,,,,,,,,,,,,,,,,,,,,,
7,Willamette/Lower Columbia,"Salmon, Chinook (Lower Columbia River ESU)",Coastal,Elochoman River,Chinook Salmon (Lower Columbia River ESU) - Elochoman River Fall-run,Elochoman River-Fall-run,Chinook,Fall-run,,1964,2014,1980,,247,,0.42,,,-99,0,0.003,0.303,0.061,0.633,0,-99,,,,,,,,-99,,,,,,,,,,,,,,,,,,,,,,,,,,,,,,,,,,,,,,,,,,,,,,,,,,,,,,,,
7,Willamette/Lower Columbia,"Salmon, Chinook (Lower Columbia River ESU)",Coastal,Elochoman River,Chinook Salmon (Lower Columbia River ESU) - Elochoman River Fall-run,Elochoman River-Fall-run,Chinook,Fall-run,,1964,2014,1981,,514,,0.42,,,-99,0,0.205,0.085,0.696,0.014,0,-99,,,,,,,,-99,,,,,,,,,,,,,,,,,,,,,,,,,,,,,,,,,,,,,,,,,,,,,,,,,,,,,,,,
7,Willamette/Lower Columbia,"Salmon, Chinook (Lower Columbia River ESU)",Coastal,Elochoman River,Chinook Salmon (Lower Columbia River ESU) - Elochoman River Fall-run,Elochoman River-Fall-run,Chinook,Fall-run,,1964,2014,1982,,1352,,0.42,,,-99,0,0.014,0.93,0.03,0.026,0,-99,,,,,,,,-99,,,,,,,,,,,,,,,,,,,,,,,,,,,,,,,,,,,,,,,,,,,,,,,,,,,,,,,,
7,Willamette/Lower Columbia,"Salmon, Chinook (Lower Columbia River ESU)",Coastal,Elochoman River,Chinook Salmon (Lower Columbia River ESU) - Elochoman River Fall-run,Elochoman River-Fall-run,Chinook,Fall-run,,1964,2014,1983,,2627,,0.42,,,-99,0,0.01,0.155,0.833,0.003,0,-99,,,,,,,,-99,,,,,,,,,,,,,,,,,,,,,,,,,,,,,,,,,,,,,,,,,,,,,,,,,,,,,,,,
7,Willamette/Lower Columbia,"Salmon, Chinook (Lower Columbia River ESU)",Coastal,Elochoman River,Chinook Salmon (Lower Columbia River ESU) - Elochoman River Fall-run,Elochoman River-Fall-run,Chinook,Fall-run,,1964,2014,1984,,2036,,0.42,,,-99,0,0.032,0.325,0.415,0.228,0,-99,,,,,,,,-99,,,,,,,,,,,,,,,,,,,,,,,,,,,,,,,,,,,,,,,,,,,,,,,,,,,,,,,,
7,Willamette/Lower Columbia,"Salmon, Chinook (Lower Columbia River ESU)",Coastal,Elochoman River,Chinook Salmon (Lower Columbia River ESU) - Elochoman River Fall-run,Elochoman River-Fall-run,Chinook,Fall-run,,1964,2014,1985,,5919,,0.42,,,-99,0,0.04,0.501,0.406,0.053,0,-99,,,,,,,,-99,,,,,,,,,,,,,,,,,,,,,,,,,,,,,,,,,,,,,,,,,,,,,,,,,,,,,,,,
7,Willamette/Lower Columbia,"Salmon, Chinook (Lower Columbia River ESU)",Coastal,Elochoman River,Chinook Salmon (Lower Columbia River ESU) - Elochoman River Fall-run,Elochoman River-Fall-run,Chinook,Fall-run,,1964,2014,1986,,1064,,0.42,,,-99,0,0.043,0.464,0.455,0.038,0,-99,,,,,,,,-99,,,,,,,,,,,,,,,,,,,,,,,,,,,,,,,,,,,,,,,,,,,,,,,,,,,,,,,,
7,Willamette/Lower Columbia,"Salmon, Chinook (Lower Columbia River ESU)",Coastal,Elochoman River,Chinook Salmon (Lower Columbia River ESU) - Elochoman River Fall-run,Elochoman River-Fall-run,Chinook,Fall-run,,1964,2014,1987,,2741,,0.42,,,-99,0,0,0.515,0.441,0.044,0,-99,,,,,,,,-99,,,,,,,,,,,,,,,,,,,,,,,,,,,,,,,,,,,,,,,,,,,,,,,,,,,,,,,,
7,Willamette/Lower Columbia,"Salmon, Chinook (Lower Columbia River ESU)",Coastal,Elochoman River,Chinook Salmon (Lower Columbia River ESU) - Elochoman River Fall-run,Elochoman River-Fall-run,Chinook,Fall-run,,1964,2014,1988,,2411,,0.42,,,-99,0,0.004,0.009,0.907,0.079,0,-99,,,,,,,,-99,,,,,,,,,,,,,,,,,,,,,,,,,,,,,,,,,,,,,,,,,,,,,,,,,,,,,,,,
7,Willamette/Lower Columbia,"Salmon, Chinook (Lower Columbia River ESU)",Coastal,Elochoman River,Chinook Salmon (Lower Columbia River ESU) - Elochoman River Fall-run,Elochoman River-Fall-run,Chinook,Fall-run,,1964,2014,1989,,1093,,0.42,,,-99,0,0.022,0.318,0.061,0.599,0,-99,,,,,,,,-99,,,,,,,,,,,,,,,,,,,,,,,,,,,,,,,,,,,,,,,,,,,,,,,,,,,,,,,,
7,Willamette/Lower Columbia,"Salmon, Chinook (Lower Columbia River ESU)",Coastal,Elochoman River,Chinook Salmon (Lower Columbia River ESU) - Elochoman River Fall-run,Elochoman River-Fall-run,Chinook,Fall-run,,1964,2014,1990,,587,,0.42,,,-99,0,0.06,0.438,0.492,0.01,0,-99,,,,,,,,-99,,,,,,,,,,,,,,,,,,,,,,,,,,,,,,,,,,,,,,,,,,,,,,,,,,,,,,,,
8,Willamette/Lower Columbia,"Salmon, Chinook (Lower Columbia River ESU)",Coastal,Grays and Chinook Rivers,Chinook Salmon (Lower Columbia River ESU) - Grays River Fall-run,Grays and Chinook Rivers-Fall-run,Chinook,Fall-run,,1964,2014,1977,,1590,,0.65,,,-99,0,0.023,0.325,0.513,0.138,0,-99,,,,,,,,-99,,,,,,,,,,,,,,,,,,,,,,,,,,,,,,,,,,,,,,,,,,,,,,,,,,,,,,,,
8,Willamette/Lower Columbia,"Salmon, Chinook (Lower Columbia River ESU)",Coastal,Grays and Chinook Rivers,Chinook Salmon (Lower Columbia River ESU) - Grays River Fall-run,Grays and Chinook Rivers-Fall-run,Chinook,Fall-run,,1964,2014,1978,,2685,,0.65,,,-99,0,0.007,0.094,0.74,0.159,0,-99,,,,,,,,-99,,,,,,,,,,,,,,,,,,,,,,,,,,,,,,,,,,,,,,,,,,,,,,,,,,,,,,,,
8,Willamette/Lower Columbia,"Salmon, Chinook (Lower Columbia River ESU)",Coastal,Grays and Chinook Rivers,Chinook Salmon (Lower Columbia River ESU) - Grays River Fall-run,Grays and Chinook Rivers-Fall-run,Chinook,Fall-run,,1964,2014,1979,,1206,,0.65,,,-99,0,0.042,0.058,0.434,0.466,0,-99,,,,,,,,-99,,,,,,,,,,,,,,,,,,,,,,,,,,,,,,,,,,,,,,,,,,,,,,,,,,,,,,,,
8,Willamette/Lower Columbia,"Salmon, Chinook (Lower Columbia River ESU)",Coastal,Grays and Chinook Rivers,Chinook Salmon (Lower Columbia River ESU) - Grays River Fall-run,Grays and Chinook Rivers-Fall-run,Chinook,Fall-run,,1964,2014,1980,,185,,0.65,,,-99,0,0.033,0.374,0.294,0.299,0,-99,,,,,,,,-99,,,,,,,,,,,,,,,,,,,,,,,,,,,,,,,,,,,,,,,,,,,,,,,,,,,,,,,,
8,Willamette/Lower Columbia,"Salmon, Chinook (Lower Columbia River ESU)",Coastal,Grays and Chinook Rivers,Chinook Salmon (Lower Columbia River ESU) - Grays River Fall-run,Grays and Chinook Rivers-Fall-run,Chinook,Fall-run,,1964,2014,1981,,246,,0.65,,,-99,0,0.145,0.105,0.677,0.073,0,-99,,,,,,,,-99,,,,,,,,,,,,,,,,,,,,,,,,,,,,,,,,,,,,,,,,,,,,,,,,,,,,,,,,
8,Willamette/Lower Columbia,"Salmon, Chinook (Lower Columbia River ESU)",Coastal,Grays and Chinook Rivers,Chinook Salmon (Lower Columbia River ESU) - Grays River Fall-run,Grays and Chinook Rivers-Fall-run,Chinook,Fall-run,,1964,2014,1982,,422,,0.65,,,-99,0,0.002,0.565,0.231,0.202,0,-99,,,,,,,,-99,,,,,,,,,,,,,,,,,,,,,,,,,,,,,,,,,,,,,,,,,,,,,,,,,,,,,,,,
8,Willamette/Lower Columbia,"Salmon, Chinook (Lower Columbia River ESU)",Coastal,Grays and Chinook Rivers,Chinook Salmon (Lower Columbia River ESU) - Grays River Fall-run,Grays and Chinook Rivers-Fall-run,Chinook,Fall-run,,1964,2014,1983,,927,,0.65,,,-99,0,0.06,0.007,0.885,0.049,0,-99,,,,,,,,-99,,,,,,,,,,,,,,,,,,,,,,,,,,,,,,,,,,,,,,,,,,,,,,,,,,,,,,,,
8,Willamette/Lower Columbia,"Salmon, Chinook (Lower Columbia River ESU)",Coastal,Grays and Chinook Rivers,Chinook Salmon (Lower Columbia River ESU) - Grays River Fall-run,Grays and Chinook Rivers-Fall-run,Chinook,Fall-run,,1964,2014,1984,,242,,0.65,,,-99,0,0.028,0.441,0.028,0.504,0,-99,,,,,,,,-99,,,,,,,,,,,,,,,,,,,,,,,,,,,,,,,,,,,,,,,,,,,,,,,,,,,,,,,,
8,Willamette/Lower Columbia,"Salmon, Chinook (Lower Columbia River ESU)",Coastal,Grays and Chinook Rivers,Chinook Salmon (Lower Columbia River ESU) - Grays River Fall-run,Grays and Chinook Rivers-Fall-run,Chinook,Fall-run,,1964,2014,1985,,812,,0.65,,,-99,0,0.054,0.094,0.845,0.007,0,-99,,,,,,,,-99,,,,,,,,,,,,,,,,,,,,,,,,,,,,,,,,,,,,,,,,,,,,,,,,,,,,,,,,
8,Willamette/Lower Columbia,"Salmon, Chinook (Lower Columbia River ESU)",Coastal,Grays and Chinook Rivers,Chinook Salmon (Lower Columbia River ESU) - Grays River Fall-run,Grays and Chinook Rivers-Fall-run,Chinook,Fall-run,,1964,2014,1986,,901,,0.65,,,-99,0,0.059,0.295,0.29,0.356,0,-99,,,,,,,,-99,,,,,,,,,,,,,,,,,,,,,,,,,,,,,,,,,,,,,,,,,,,,,,,,,,,,,,,,
8,Willamette/Lower Columbia,"Salmon, Chinook (Lower Columbia River ESU)",Coastal,Grays and Chinook Rivers,Chinook Salmon (Lower Columbia River ESU) - Grays River Fall-run,Grays and Chinook Rivers-Fall-run,Chinook,Fall-run,,1964,2014,1987,,1093,,0.65,,,-99,0,0.057,0.223,0.635,0.085,0,-99,,,,,,,,-99,,,,,,,,,,,,,,,,,,,,,,,,,,,,,,,,,,,,,,,,,,,,,,,,,,,,,,,,
8,Willamette/Lower Columbia,"Salmon, Chinook (Lower Columbia River ESU)",Coastal,Grays and Chinook Rivers,Chinook Salmon (Lower Columbia River ESU) - Grays River Fall-run,Grays and Chinook Rivers-Fall-run,Chinook,Fall-run,,1964,2014,1988,,1003,,0.65,,,-99,0,0.015,0.24,0.537,0.208,0,-99,,,,,,,,-99,,,,,,,,,,,,,,,,,,,,,,,,,,,,,,,,,,,,,,,,,,,,,,,,,,,,,,,,
8,Willamette/Lower Columbia,"Salmon, Chinook (Lower Columbia River ESU)",Coastal,Grays and Chinook Rivers,Chinook Salmon (Lower Columbia River ESU) - Grays River Fall-run,Grays and Chinook Rivers-Fall-run,Chinook,Fall-run,,1964,2014,1989,,805,,0.65,,,-99,0,0.01,0.077,0.701,0.213,0,-99,,,,,,,,-99,,,,,,,,,,,,,,,,,,,,,,,,,,,,,,,,,,,,,,,,,,,,,,,,,,,,,,,,
8,Willamette/Lower Columbia,"Salmon, Chinook (Lower Columbia River ESU)",Coastal,Grays and Chinook Rivers,Chinook Salmon (Lower Columbia River ESU) - Grays River Fall-run,Grays and Chinook Rivers-Fall-run,Chinook,Fall-run,,1964,2014,1990,,287,,0.65,,,-99,0,0.051,0.084,0.386,0.478,0,-99,,,,,,,,-99,,,,,,,,,,,,,,,,,,,,,,,,,,,,,,,,,,,,,,,,,,,,,,,,,,,,,,,,
32,Willamette/Lower Columbia,"Salmon, Chinook (Lower Columbia River ESU)",Gorge,White Salmon River,Chinook Salmon (Lower Columbia River ESU) - White Salmon River Spring-run,White Salmon River-Spring-run,Chinook,Spring-run,,1976,2014,1993,,108,,0.97,,,172,0,0,0.15,0.67,0.18,0,0,,,,,,,,-99,,,,,,,,,,,,,,,,,,,,,,,,,,,,,,,,,,,,,,,,,,,,,,,,,,,,,,,,
32,Willamette/Lower Columbia,"Salmon, Chinook (Lower Columbia River ESU)",Gorge,White Salmon River,Chinook Salmon (Lower Columbia River ESU) - White Salmon River Spring-run,White Salmon River-Spring-run,Chinook,Spring-run,,1976,2014,1994,,288,,0.97,,,56,0,0,0.65,0.34,0,0,0,,,,,,,,-99,,,,,,,,,,,,,,,,,,,,,,,,,,,,,,,,,,,,,,,,,,,,,,,,,,,,,,,,
32,Willamette/Lower Columbia,"Salmon, Chinook (Lower Columbia River ESU)",Gorge,White Salmon River,Chinook Salmon (Lower Columbia River ESU) - White Salmon River Spring-run,White Salmon River-Spring-run,Chinook,Spring-run,,1976,2014,1995,,253,,0.97,,,35,0,0,0.81,0,0.05,0,0,,,,,,,,-99,,,,,,,,,,,,,,,,,,,,,,,,,,,,,,,,,,,,,,,,,,,,,,,,,,,,,,,,
32,Willamette/Lower Columbia,"Salmon, Chinook (Lower Columbia River ESU)",Gorge,White Salmon River,Chinook Salmon (Lower Columbia River ESU) - White Salmon River Spring-run,White Salmon River-Spring-run,Chinook,Spring-run,,1976,2014,1996,,32,,0.97,,,10,0,0,0.77,0.23,0,0,0,,,,,,,,-99,,,,,,,,,,,,,,,,,,,,,,,,,,,,,,,,,,,,,,,,,,,,,,,,,,,,,,,,
104,Willamette/Lower Columbia,"Salmon, Chinook (Upper Willamette River ESU)",Willamette,Clackamas River,Chinook Salmon (Upper Willamette River ESU) - Clackamas River Spring-run,Clackamas River-Spring-run,Chinook,Spring-run,,1974,2012,1974,,549,,0.33,,,-99,0,0,0,0.6,0.39,0,0,,,,,,,,-99,,,,,,,,,,,,,,,,,,,,,,,,,,,,,,,,,,,,,,,,,,,,,,,,,,,,,,,,
104,Willamette/Lower Columbia,"Salmon, Chinook (Upper Willamette River ESU)",Willamette,Clackamas River,Chinook Salmon (Upper Willamette River ESU) - Clackamas River Spring-run,Clackamas River-Spring-run,Chinook,Spring-run,,1974,2012,1975,,442,,0.33,,,-99,0,0,0,0.6,0.39,0,0,,,,,,,,-99,,,,,,,,,,,,,,,,,,,,,,,,,,,,,,,,,,,,,,,,,,,,,,,,,,,,,,,,
104,Willamette/Lower Columbia,"Salmon, Chinook (Upper Willamette River ESU)",Willamette,Clackamas River,Chinook Salmon (Upper Willamette River ESU) - Clackamas River Spring-run,Clackamas River-Spring-run,Chinook,Spring-run,,1974,2012,1976,,528,,0.33,,,-99,0,0,0,0.6,0.39,0,0,,,,,,,,-99,,,,,,,,,,,,,,,,,,,,,,,,,,,,,,,,,,,,,,,,,,,,,,,,,,,,,,,,
104,Willamette/Lower Columbia,"Salmon, Chinook (Upper Willamette River ESU)",Willamette,Clackamas River,Chinook Salmon (Upper Willamette River ESU) - Clackamas River Spring-run,Clackamas River-Spring-run,Chinook,Spring-run,,1974,2012,1977,,531,,0.33,,,-99,0,0,0,0.6,0.39,0,0,,,,,,,,-99,,,,,,,,,,,,,,,,,,,,,,,,,,,,,,,,,,,,,,,,,,,,,,,,,,,,,,,,
104,Willamette/Lower Columbia,"Salmon, Chinook (Upper Willamette River ESU)",Willamette,Clackamas River,Chinook Salmon (Upper Willamette River ESU) - Clackamas River Spring-run,Clackamas River-Spring-run,Chinook,Spring-run,,1974,2012,1978,,508,,0.33,,,-99,0,0,0,0.6,0.39,0,0,,,,,,,,-99,,,,,,,,,,,,,,,,,,,,,,,,,,,,,,,,,,,,,,,,,,,,,,,,,,,,,,,,
104,Willamette/Lower Columbia,"Salmon, Chinook (Upper Willamette River ESU)",Willamette,Clackamas River,Chinook Salmon (Upper Willamette River ESU) - Clackamas River Spring-run,Clackamas River-Spring-run,Chinook,Spring-run,,1974,2012,1979,,722,,0.33,,,-99,0,0,0,0.6,0.39,0,0,,,,,,,,-99,,,,,,,,,,,,,,,,,,,,,,,,,,,,,,,,,,,,,,,,,,,,,,,,,,,,,,,,
104,Willamette/Lower Columbia,"Salmon, Chinook (Upper Willamette River ESU)",Willamette,Clackamas River,Chinook Salmon (Upper Willamette River ESU) - Clackamas River Spring-run,Clackamas River-Spring-run,Chinook,Spring-run,,1974,2012,1980,,2589,,0.33,,,1287,0,0,0,0.6,0.39,0,0,,,,,,,,-99,,,,,,,,,,,,,,,,,,,,,,,,,,,,,,,,,,,,,,,,,,,,,,,,,,,,,,,,
104,Willamette/Lower Columbia,"Salmon, Chinook (Upper Willamette River ESU)",Willamette,Clackamas River,Chinook Salmon (Upper Willamette River ESU) - Clackamas River Spring-run,Clackamas River-Spring-run,Chinook,Spring-run,,1974,2012,1981,,3642,,0.33,,,2508,0,0,0,0.6,0.39,0,0,,,,,,,,-99,,,,,,,,,,,,,,,,,,,,,,,,,,,,,,,,,,,,,,,,,,,,,,,,,,,,,,,,
104,Willamette/Lower Columbia,"Salmon, Chinook (Upper Willamette River ESU)",Willamette,Clackamas River,Chinook Salmon (Upper Willamette River ESU) - Clackamas River Spring-run,Clackamas River-Spring-run,Chinook,Spring-run,,1974,2012,1982,,3550,,0.33,,,2224,0,0,0,0.6,0.39,0,0,,,,,,,,-99,,,,,,,,,,,,,,,,,,,,,,,,,,,,,,,,,,,,,,,,,,,,,,,,,,,,,,,,
104,Willamette/Lower Columbia,"Salmon, Chinook (Upper Willamette River ESU)",Willamette,Clackamas River,Chinook Salmon (Upper Willamette River ESU) - Clackamas River Spring-run,Clackamas River-Spring-run,Chinook,Spring-run,,1974,2012,1983,,3170,,0.33,,,1852,0,0,0,0.6,0.39,0,0,,,,,,,,-99,,,,,,,,,,,,,,,,,,,,,,,,,,,,,,,,,,,,,,,,,,,,,,,,,,,,,,,,
104,Willamette/Lower Columbia,"Salmon, Chinook (Upper Willamette River ESU)",Willamette,Clackamas River,Chinook Salmon (Upper Willamette River ESU) - Clackamas River Spring-run,Clackamas River-Spring-run,Chinook,Spring-run,,1974,2012,1984,,3334,,0.33,,,1650,0,0,0,0.6,0.39,0,0,,,,,,,,-99,,,,,,,,,,,,,,,,,,,,,,,,,,,,,,,,,,,,,,,,,,,,,,,,,,,,,,,,
104,Willamette/Lower Columbia,"Salmon, Chinook (Upper Willamette River ESU)",Willamette,Clackamas River,Chinook Salmon (Upper Willamette River ESU) - Clackamas River Spring-run,Clackamas River-Spring-run,Chinook,Spring-run,,1974,2012,1985,,2067,,0.33,,,915,0,0,0,0.6,0.39,0,0,,,,,,,,-99,,,,,,,,,,,,,,,,,,,,,,,,,,,,,,,,,,,,,,,,,,,,,,,,,,,,,,,,
104,Willamette/Lower Columbia,"Salmon, Chinook (Upper Willamette River ESU)",Willamette,Clackamas River,Chinook Salmon (Upper Willamette River ESU) - Clackamas River Spring-run,Clackamas River-Spring-run,Chinook,Spring-run,,1974,2012,1986,,2192,,0.33,,,1309,0,0,0,0.6,0.39,0,0,,,,,,,,-99,,,,,,,,,,,,,,,,,,,,,,,,,,,,,,,,,,,,,,,,,,,,,,,,,,,,,,,,
104,Willamette/Lower Columbia,"Salmon, Chinook (Upper Willamette River ESU)",Willamette,Clackamas River,Chinook Salmon (Upper Willamette River ESU) - Clackamas River Spring-run,Clackamas River-Spring-run,Chinook,Spring-run,,1974,2012,1987,,2785,,0.33,,,1179,0,0,0,0.6,0.39,0,0,,,,,,,,-99,,,,,,,,,,,,,,,,,,,,,,,,,,,,,,,,,,,,,,,,,,,,,,,,,,,,,,,,
104,Willamette/Lower Columbia,"Salmon, Chinook (Upper Willamette River ESU)",Willamette,Clackamas River,Chinook Salmon (Upper Willamette River ESU) - Clackamas River Spring-run,Clackamas River-Spring-run,Chinook,Spring-run,,1974,2012,1988,,3769,,0.33,,,1214,0,0,0,0.6,0.39,0,0,,,,,,,,-99,,,,,,,,,,,,,,,,,,,,,,,,,,,,,,,,,,,,,,,,,,,,,,,,,,,,,,,,
104,Willamette/Lower Columbia,"Salmon, Chinook (Upper Willamette River ESU)",Willamette,Clackamas River,Chinook Salmon (Upper Willamette River ESU) - Clackamas River Spring-run,Clackamas River-Spring-run,Chinook,Spring-run,,1974,2012,1989,,3481,,0.33,,,1486,0,0,0,0.6,0.39,0,0,,,,,,,,-99,,,,,,,,,,,,,,,,,,,,,,,,,,,,,,,,,,,,,,,,,,,,,,,,,,,,,,,,
104,Willamette/Lower Columbia,"Salmon, Chinook (Upper Willamette River ESU)",Willamette,Clackamas River,Chinook Salmon (Upper Willamette River ESU) - Clackamas River Spring-run,Clackamas River-Spring-run,Chinook,Spring-run,,1974,2012,1990,,4133,,0.33,,,1134,0,0,0,0.6,0.39,0,0,,,,,,,,-99,,,,,,,,,,,,,,,,,,,,,,,,,,,,,,,,,,,,,,,,,,,,,,,,,,,,,,,,
104,Willamette/Lower Columbia,"Salmon, Chinook (Upper Willamette River ESU)",Willamette,Clackamas River,Chinook Salmon (Upper Willamette River ESU) - Clackamas River Spring-run,Clackamas River-Spring-run,Chinook,Spring-run,,1974,2012,1991,,5592,,0.33,,,1794,0,0,0,0.6,0.39,0,0,,,,,,,,-99,,,,,,,,,,,,,,,,,,,,,,,,,,,,,,,,,,,,,,,,,,,,,,,,,,,,,,,,
104,Willamette/Lower Columbia,"Salmon, Chinook (Upper Willamette River ESU)",Willamette,Clackamas River,Chinook Salmon (Upper Willamette River ESU) - Clackamas River Spring-run,Clackamas River-Spring-run,Chinook,Spring-run,,1974,2012,1992,,4287,,0.33,,,779,0,0,0,0.6,0.39,0,0,,,,,,,,-99,,,,,,,,,,,,,,,,,,,,,,,,,,,,,,,,,,,,,,,,,,,,,,,,,,,,,,,,
104,Willamette/Lower Columbia,"Salmon, Chinook (Upper Willamette River ESU)",Willamette,Clackamas River,Chinook Salmon (Upper Willamette River ESU) - Clackamas River Spring-run,Clackamas River-Spring-run,Chinook,Spring-run,,1974,2012,1993,,3732,,0.33,,,474,0,0,0,0.6,0.39,0,0,,,,,,,,-99,,,,,,,,,,,,,,,,,,,,,,,,,,,,,,,,,,,,,,,,,,,,,,,,,,,,,,,,
104,Willamette/Lower Columbia,"Salmon, Chinook (Upper Willamette River ESU)",Willamette,Clackamas River,Chinook Salmon (Upper Willamette River ESU) - Clackamas River Spring-run,Clackamas River-Spring-run,Chinook,Spring-run,,1974,2012,1994,,2636,,0.33,,,299,0,0,0,0.6,0.39,0,0,,,,,,,,-99,,,,,,,,,,,,,,,,,,,,,,,,,,,,,,,,,,,,,,,,,,,,,,,,,,,,,,,,
104,Willamette/Lower Columbia,"Salmon, Chinook (Upper Willamette River ESU)",Willamette,Clackamas River,Chinook Salmon (Upper Willamette River ESU) - Clackamas River Spring-run,Clackamas River-Spring-run,Chinook,Spring-run,,1974,2012,1995,,2000,,0.33,,,290,0,0,0,0.6,0.39,0,0,,,,,,,,-99,,,,,,,,,,,,,,,,,,,,,,,,,,,,,,,,,,,,,,,,,,,,,,,,,,,,,,,,
104,Willamette/Lower Columbia,"Salmon, Chinook (Upper Willamette River ESU)",Willamette,Clackamas River,Chinook Salmon (Upper Willamette River ESU) - Clackamas River Spring-run,Clackamas River-Spring-run,Chinook,Spring-run,,1974,2012,1996,,1083,,0.33,,,136,0,0,0,0.6,0.39,0,0,,,,,,,,-99,,,,,,,,,,,,,,,,,,,,,,,,,,,,,,,,,,,,,,,,,,,,,,,,,,,,,,,,
104,Willamette/Lower Columbia,"Salmon, Chinook (Upper Willamette River ESU)",Willamette,Clackamas River,Chinook Salmon (Upper Willamette River ESU) - Clackamas River Spring-run,Clackamas River-Spring-run,Chinook,Spring-run,,1974,2012,1997,,1546,,0.33,,,119,0,0,0,0.6,0.39,0,0,,,,,,,,-99,,,,,,,,,,,,,,,,,,,,,,,,,,,,,,,,,,,,,,,,,,,,,,,,,,,,,,,,
104,Willamette/Lower Columbia,"Salmon, Chinook (Upper Willamette River ESU)",Willamette,Clackamas River,Chinook Salmon (Upper Willamette River ESU) - Clackamas River Spring-run,Clackamas River-Spring-run,Chinook,Spring-run,,1974,2012,1998,,1702,,0.33,,,78,0,0,0,0.6,0.39,0,0,,,,,,,,-99,,,,,,,,,,,,,,,,,,,,,,,,,,,,,,,,,,,,,,,,,,,,,,,,,,,,,,,,
104,Willamette/Lower Columbia,"Salmon, Chinook (Upper Willamette River ESU)",Willamette,Clackamas River,Chinook Salmon (Upper Willamette River ESU) - Clackamas River Spring-run,Clackamas River-Spring-run,Chinook,Spring-run,,1974,2012,1999,,1049,,0.33,,,74,0,0,0,0.6,0.39,0,0,,,,,,,,-99,,,,,,,,,,,,,,,,,,,,,,,,,,,,,,,,,,,,,,,,,,,,,,,,,,,,,,,,
104,Willamette/Lower Columbia,"Salmon, Chinook (Upper Willamette River ESU)",Willamette,Clackamas River,Chinook Salmon (Upper Willamette River ESU) - Clackamas River Spring-run,Clackamas River-Spring-run,Chinook,Spring-run,,1974,2012,2000,,2596,,0.33,,,233,0,0,0,0.6,0.39,0,0,,,,,,,,-99,,,,,,,,,,,,,,,,,,,,,,,,,,,,,,,,,,,,,,,,,,,,,,,,,,,,,,,,
104,Willamette/Lower Columbia,"Salmon, Chinook (Upper Willamette River ESU)",Willamette,Clackamas River,Chinook Salmon (Upper Willamette River ESU) - Clackamas River Spring-run,Clackamas River-Spring-run,Chinook,Spring-run,,1974,2012,2001,,4474,,0.33,,,402,0,0,0,0.6,0.39,0,0,,,,,,,,-99,,,,,,,,,,,,,,,,,,,,,,,,,,,,,,,,,,,,,,,,,,,,,,,,,,,,,,,,
108,Willamette/Lower Columbia,"Salmon, Chinook (Upper Willamette River ESU)",Willamette,North Santiam River,Chinook Salmon (Upper Willamette River ESU) - North Santiam River Spring-run,North Santiam River-Spring-run,Chinook,Spring-run,,2001,2013,2006,,5966,,0.06,,,-99,-99,-99,-99,-99,-99,-99,-99,,,,,,,,,,,,,,,,,,,,,,,,,,,,,,,,,,,,,,,,,,,,,,,,,,,,,,,,,,,,,,,,
108,Willamette/Lower Columbia,"Salmon, Chinook (Upper Willamette River ESU)",Willamette,North Santiam River,Chinook Salmon (Upper Willamette River ESU) - North Santiam River Spring-run,North Santiam River-Spring-run,Chinook,Spring-run,,2001,2013,2007,,3720,,0.06,,,-99,-99,-99,-99,-99,-99,-99,-99,,,,,,,,,,,,,,,,,,,,,,,,,,,,,,,,,,,,,,,,,,,,,,,,,,,,,,,,,,,,,,,,
108,Willamette/Lower Columbia,"Salmon, Chinook (Upper Willamette River ESU)",Willamette,North Santiam River,Chinook Salmon (Upper Willamette River ESU) - North Santiam River Spring-run,North Santiam River-Spring-run,Chinook,Spring-run,,2001,2013,2008,,2363,,0.06,,,-99,-99,-99,-99,-99,-99,-99,-99,,,,,,,,,,,,,,,,,,,,,,,,,,,,,,,,,,,,,,,,,,,,,,,,,,,,,,,,,,,,,,,,
108,Willamette/Lower Columbia,"Salmon, Chinook (Upper Willamette River ESU)",Willamette,North Santiam River,Chinook Salmon (Upper Willamette River ESU) - North Santiam River Spring-run,North Santiam River-Spring-run,Chinook,Spring-run,,2001,2013,2009,,4155,,0.06,,,-99,-99,-99,-99,-99,-99,-99,-99,,,,,,,,,,,,,,,,,,,,,,,,,,,,,,,,,,,,,,,,,,,,,,,,,,,,,,,,,,,,,,,,
130,Willamette/Lower Columbia,"Salmon, coho (Lower Columbia River ESU)",Willamette - Cascade,Clackamas River,Coho Salmon (Lower Columbia River ESU) - Clackamas River,Clackamas River,Coho,-99,,1957,2013,1974,,1931,,0.65,,,-99,0,0,1,0,0,0,0,,,,,,,,-99,,,,,,,,,,,,,,,,,,,,,,,,,,,,,,,,,,,,,,,,,,,,,,,,,,,,,,,,
130,Willamette/Lower Columbia,"Salmon, coho (Lower Columbia River ESU)",Willamette - Cascade,Clackamas River,Coho Salmon (Lower Columbia River ESU) - Clackamas River,Clackamas River,Coho,-99,,1957,2013,1975,,2428,,0.65,,,-99,0,0,1,0,0,0,0,,,,,,,,-99,,,,,,,,,,,,,,,,,,,,,,,,,,,,,,,,,,,,,,,,,,,,,,,,,,,,,,,,
130,Willamette/Lower Columbia,"Salmon, coho (Lower Columbia River ESU)",Willamette - Cascade,Clackamas River,Coho Salmon (Lower Columbia River ESU) - Clackamas River,Clackamas River,Coho,-99,,1957,2013,1976,,2593,,0.65,,,-99,0,0,1,0,0,0,0,,,,,,,,-99,,,,,,,,,,,,,,,,,,,,,,,,,,,,,,,,,,,,,,,,,,,,,,,,,,,,,,,,
130,Willamette/Lower Columbia,"Salmon, coho (Lower Columbia River ESU)",Willamette - Cascade,Clackamas River,Coho Salmon (Lower Columbia River ESU) - Clackamas River,Clackamas River,Coho,-99,,1957,2013,1977,,1920,,0.65,,,-99,0,0,1,0,0,0,0,,,,,,,,-99,,,,,,,,,,,,,,,,,,,,,,,,,,,,,,,,,,,,,,,,,,,,,,,,,,,,,,,,
130,Willamette/Lower Columbia,"Salmon, coho (Lower Columbia River ESU)",Willamette - Cascade,Clackamas River,Coho Salmon (Lower Columbia River ESU) - Clackamas River,Clackamas River,Coho,-99,,1957,2013,1978,,1678,,0.65,,,-99,0,0,1,0,0,0,0,,,,,,,,-99,,,,,,,,,,,,,,,,,,,,,,,,,,,,,,,,,,,,,,,,,,,,,,,,,,,,,,,,
130,Willamette/Lower Columbia,"Salmon, coho (Lower Columbia River ESU)",Willamette - Cascade,Clackamas River,Coho Salmon (Lower Columbia River ESU) - Clackamas River,Clackamas River,Coho,-99,,1957,2013,1979,,2451,,0.65,,,-99,0,0,1,0,0,0,0,,,,,,,,-99,,,,,,,,,,,,,,,,,,,,,,,,,,,,,,,,,,,,,,,,,,,,,,,,,,,,,,,,
130,Willamette/Lower Columbia,"Salmon, coho (Lower Columbia River ESU)",Willamette - Cascade,Clackamas River,Coho Salmon (Lower Columbia River ESU) - Clackamas River,Clackamas River,Coho,-99,,1957,2013,1980,,6840,,0.65,,,-99,0,0,1,0,0,0,0,,,,,,,,-99,,,,,,,,,,,,,,,,,,,,,,,,,,,,,,,,,,,,,,,,,,,,,,,,,,,,,,,,
130,Willamette/Lower Columbia,"Salmon, coho (Lower Columbia River ESU)",Willamette - Cascade,Clackamas River,Coho Salmon (Lower Columbia River ESU) - Clackamas River,Clackamas River,Coho,-99,,1957,2013,1981,,2507,,0.65,,,-99,0,0,1,0,0,0,0,,,,,,,,-99,,,,,,,,,,,,,,,,,,,,,,,,,,,,,,,,,,,,,,,,,,,,,,,,,,,,,,,,
130,Willamette/Lower Columbia,"Salmon, coho (Lower Columbia River ESU)",Willamette - Cascade,Clackamas River,Coho Salmon (Lower Columbia River ESU) - Clackamas River,Clackamas River,Coho,-99,,1957,2013,1982,,5471,,0.65,,,-99,0,0,1,0,0,0,0,,,,,,,,-99,,,,,,,,,,,,,,,,,,,,,,,,,,,,,,,,,,,,,,,,,,,,,,,,,,,,,,,,
130,Willamette/Lower Columbia,"Salmon, coho (Lower Columbia River ESU)",Willamette - Cascade,Clackamas River,Coho Salmon (Lower Columbia River ESU) - Clackamas River,Clackamas River,Coho,-99,,1957,2013,1983,,3426,,0.65,,,-99,0,0,1,0,0,0,0,,,,,,,,-99,,,,,,,,,,,,,,,,,,,,,,,,,,,,,,,,,,,,,,,,,,,,,,,,,,,,,,,,
130,Willamette/Lower Columbia,"Salmon, coho (Lower Columbia River ESU)",Willamette - Cascade,Clackamas River,Coho Salmon (Lower Columbia River ESU) - Clackamas River,Clackamas River,Coho,-99,,1957,2013,1984,,1464,,0.65,,,-99,0,0,1,0,0,0,0,,,,,,,,-99,,,,,,,,,,,,,,,,,,,,,,,,,,,,,,,,,,,,,,,,,,,,,,,,,,,,,,,,
130,Willamette/Lower Columbia,"Salmon, coho (Lower Columbia River ESU)",Willamette - Cascade,Clackamas River,Coho Salmon (Lower Columbia River ESU) - Clackamas River,Clackamas River,Coho,-99,,1957,2013,1985,,6793,,0.65,,,-99,0,0,1,0,0,0,0,,,,,,,,-99,,,,,,,,,,,,,,,,,,,,,,,,,,,,,,,,,,,,,,,,,,,,,,,,,,,,,,,,
130,Willamette/Lower Columbia,"Salmon, coho (Lower Columbia River ESU)",Willamette - Cascade,Clackamas River,Coho Salmon (Lower Columbia River ESU) - Clackamas River,Clackamas River,Coho,-99,,1957,2013,1986,,9163,,0.65,,,-99,0,0,1,0,0,0,0,,,,,,,,-99,,,,,,,,,,,,,,,,,,,,,,,,,,,,,,,,,,,,,,,,,,,,,,,,,,,,,,,,
130,Willamette/Lower Columbia,"Salmon, coho (Lower Columbia River ESU)",Willamette - Cascade,Clackamas River,Coho Salmon (Lower Columbia River ESU) - Clackamas River,Clackamas River,Coho,-99,,1957,2013,1987,,2886,,0.65,,,-99,0,0,1,0,0,0,0,,,,,,,,-99,,,,,,,,,,,,,,,,,,,,,,,,,,,,,,,,,,,,,,,,,,,,,,,,,,,,,,,,
130,Willamette/Lower Columbia,"Salmon, coho (Lower Columbia River ESU)",Willamette - Cascade,Clackamas River,Coho Salmon (Lower Columbia River ESU) - Clackamas River,Clackamas River,Coho,-99,,1957,2013,1988,,3561,,0.64,,,-99,0,0,1,0,0,0,0,,,,,,,,-99,,,,,,,,,,,,,,,,,,,,,,,,,,,,,,,,,,,,,,,,,,,,,,,,,,,,,,,,
130,Willamette/Lower Columbia,"Salmon, coho (Lower Columbia River ESU)",Willamette - Cascade,Clackamas River,Coho Salmon (Lower Columbia River ESU) - Clackamas River,Clackamas River,Coho,-99,,1957,2013,1989,,4721,,0.64,,,-99,0,0,1,0,0,0,0,,,,,,,,-99,,,,,,,,,,,,,,,,,,,,,,,,,,,,,,,,,,,,,,,,,,,,,,,,,,,,,,,,
130,Willamette/Lower Columbia,"Salmon, coho (Lower Columbia River ESU)",Willamette - Cascade,Clackamas River,Coho Salmon (Lower Columbia River ESU) - Clackamas River,Clackamas River,Coho,-99,,1957,2013,1990,,1516,,0.65,,,-99,0,0,1,0,0,0,0,,,,,,,,-99,,,,,,,,,,,,,,,,,,,,,,,,,,,,,,,,,,,,,,,,,,,,,,,,,,,,,,,,
130,Willamette/Lower Columbia,"Salmon, coho (Lower Columbia River ESU)",Willamette - Cascade,Clackamas River,Coho Salmon (Lower Columbia River ESU) - Clackamas River,Clackamas River,Coho,-99,,1957,2013,1991,,6692,,0.65,,,-99,0,0,1,0,0,0,0,,,,,,,,-99,,,,,,,,,,,,,,,,,,,,,,,,,,,,,,,,,,,,,,,,,,,,,,,,,,,,,,,,
130,Willamette/Lower Columbia,"Salmon, coho (Lower Columbia River ESU)",Willamette - Cascade,Clackamas River,Coho Salmon (Lower Columbia River ESU) - Clackamas River,Clackamas River,Coho,-99,,1957,2013,1992,,7449,,0.65,,,-99,0,0,1,0,0,0,0,,,,,,,,-99,,,,,,,,,,,,,,,,,,,,,,,,,,,,,,,,,,,,,,,,,,,,,,,,,,,,,,,,
130,Willamette/Lower Columbia,"Salmon, coho (Lower Columbia River ESU)",Willamette - Cascade,Clackamas River,Coho Salmon (Lower Columbia River ESU) - Clackamas River,Clackamas River,Coho,-99,,1957,2013,1993,,360,,0.65,,,-99,0,0,1,0,0,0,0,,,,,,,,-99,,,,,,,,,,,,,,,,,,,,,,,,,,,,,,,,,,,,,,,,,,,,,,,,,,,,,,,,
130,Willamette/Lower Columbia,"Salmon, coho (Lower Columbia River ESU)",Willamette - Cascade,Clackamas River,Coho Salmon (Lower Columbia River ESU) - Clackamas River,Clackamas River,Coho,-99,,1957,2013,1994,,6178,,0.65,,,-99,0,0,1,0,0,0,0,,,,,,,,-99,,,,,,,,,,,,,,,,,,,,,,,,,,,,,,,,,,,,,,,,,,,,,,,,,,,,,,,,
130,Willamette/Lower Columbia,"Salmon, coho (Lower Columbia River ESU)",Willamette - Cascade,Clackamas River,Coho Salmon (Lower Columbia River ESU) - Clackamas River,Clackamas River,Coho,-99,,1957,2013,1995,,4365,,0.65,,,-99,0,0,1,0,0,0,0,,,,,,,,-99,,,,,,,,,,,,,,,,,,,,,,,,,,,,,,,,,,,,,,,,,,,,,,,,,,,,,,,,
130,Willamette/Lower Columbia,"Salmon, coho (Lower Columbia River ESU)",Willamette - Cascade,Clackamas River,Coho Salmon (Lower Columbia River ESU) - Clackamas River,Clackamas River,Coho,-99,,1957,2013,1996,,184,,0.65,,,-99,0,0,1,0,0,0,0,,,,,,,,-99,,,,,,,,,,,,,,,,,,,,,,,,,,,,,,,,,,,,,,,,,,,,,,,,,,,,,,,,
130,Willamette/Lower Columbia,"Salmon, coho (Lower Columbia River ESU)",Willamette - Cascade,Clackamas River,Coho Salmon (Lower Columbia River ESU) - Clackamas River,Clackamas River,Coho,-99,,1957,2013,1997,,2901,,0.65,,,-99,0,0,1,0,0,0,0,,,,,,,,-99,,,,,,,,,,,,,,,,,,,,,,,,,,,,,,,,,,,,,,,,,,,,,,,,,,,,,,,,
130,Willamette/Lower Columbia,"Salmon, coho (Lower Columbia River ESU)",Willamette - Cascade,Clackamas River,Coho Salmon (Lower Columbia River ESU) - Clackamas River,Clackamas River,Coho,-99,,1957,2013,1998,,491,,0.65,,,-99,0,0,1,0,0,0,0,,,,,,,,-99,,,,,,,,,,,,,,,,,,,,,,,,,,,,,,,,,,,,,,,,,,,,,,,,,,,,,,,,
130,Willamette/Lower Columbia,"Salmon, coho (Lower Columbia River ESU)",Willamette - Cascade,Clackamas River,Coho Salmon (Lower Columbia River ESU) - Clackamas River,Clackamas River,Coho,-99,,1957,2013,1999,,234,,0.65,,,-99,0,0,1,0,0,0,0,,,,,,,,-99,,,,,,,,,,,,,,,,,,,,,,,,,,,,,,,,,,,,,,,,,,,,,,,,,,,,,,,,
240,Willamette/Lower Columbia,Steelhead (Lower Columbia River DPS),Cascade,Sandy River,Steelhead (Lower Columbia River DPS) - Sandy River Winter-run,Sandy River-Winter-run,Steelhead,Winter-run,,1974,2013,1991,,1995,,0.8792,,,-99,-99,-99,-99,-99,-99,-99,-99,,,,,,,,-99,,,,,,,,,,,,,,,,,,,,,,,,,,,,,,,,,,,,,,,,,,,,,,,,,,,,,,,,
240,Willamette/Lower Columbia,Steelhead (Lower Columbia River DPS),Cascade,Sandy River,Steelhead (Lower Columbia River DPS) - Sandy River Winter-run,Sandy River-Winter-run,Steelhead,Winter-run,,1974,2013,1992,,2916,,0.8789,,,-99,-99,-99,-99,-99,-99,-99,-99,,,,,,,,-99,,,,,,,,,,,,,,,,,,,,,,,,,,,,,,,,,,,,,,,,,,,,,,,,,,,,,,,,
240,Willamette/Lower Columbia,Steelhead (Lower Columbia River DPS),Cascade,Sandy River,Steelhead (Lower Columbia River DPS) - Sandy River Winter-run,Sandy River-Winter-run,Steelhead,Winter-run,,1974,2013,1993,,1636,,0.879,,,-99,-99,-99,-99,-99,-99,-99,-99,,,,,,,,-99,,,,,,,,,,,,,,,,,,,,,,,,,,,,,,,,,,,,,,,,,,,,,,,,,,,,,,,,
240,Willamette/Lower Columbia,Steelhead (Lower Columbia River DPS),Cascade,Sandy River,Steelhead (Lower Columbia River DPS) - Sandy River Winter-run,Sandy River-Winter-run,Steelhead,Winter-run,,1974,2013,1994,,1567,,0.8787,,,-99,-99,-99,-99,-99,-99,-99,-99,,,,,,,,-99,,,,,,,,,,,,,,,,,,,,,,,,,,,,,,,,,,,,,,,,,,,,,,,,,,,,,,,,
240,Willamette/Lower Columbia,Steelhead (Lower Columbia River DPS),Cascade,Sandy River,Steelhead (Lower Columbia River DPS) - Sandy River Winter-run,Sandy River-Winter-run,Steelhead,Winter-run,,1974,2013,1995,,1680,,0.8792,,,-99,-99,-99,-99,-99,-99,-99,-99,,,,,,,,-99,,,,,,,,,,,,,,,,,,,,,,,,,,,,,,,,,,,,,,,,,,,,,,,,,,,,,,,,
240,Willamette/Lower Columbia,Steelhead (Lower Columbia River DPS),Cascade,Sandy River,Steelhead (Lower Columbia River DPS) - Sandy River Winter-run,Sandy River-Winter-run,Steelhead,Winter-run,,1974,2013,1996,,1287,,0.8788,,,-99,-99,-99,-99,-99,-99,-99,-99,,,,,,,,-99,,,,,,,,,,,,,,,,,,,,,,,,,,,,,,,,,,,,,,,,,,,,,,,,,,,,,,,,
240,Willamette/Lower Columbia,Steelhead (Lower Columbia River DPS),Cascade,Sandy River,Steelhead (Lower Columbia River DPS) - Sandy River Winter-run,Sandy River-Winter-run,Steelhead,Winter-run,,1974,2013,1997,,1426,,0.8787,,,-99,-99,-99,-99,-99,-99,-99,-99,,,,,,,,-99,,,,,,,,,,,,,,,,,,,,,,,,,,,,,,,,,,,,,,,,,,,,,,,,,,,,,,,,
240,Willamette/Lower Columbia,Steelhead (Lower Columbia River DPS),Cascade,Sandy River,Steelhead (Lower Columbia River DPS) - Sandy River Winter-run,Sandy River-Winter-run,Steelhead,Winter-run,,1974,2013,1998,,883,,0.8788,,,-99,-99,-99,-99,-99,-99,-99,-99,,,,,,,,-99,,,,,,,,,,,,,,,,,,,,,,,,,,,,,,,,,,,,,,,,,,,,,,,,,,,,,,,,
333,Willamette/Lower Columbia,Steelhead (Upper Willamette River DPS),Willamette,Molalla River,Steelhead (Upper Willamette River DPS) - Molalla River Winter-run,Molalla River-Winter-run,Steelhead,Winter-run,,1980,2008,1980,,3232,,0.7,,,943,0,0,0,0.48,0.41,0.11,0,,,,,,,,-99,,,,,,,,,,,,,,,,,,,,,,,,,,,,,,,,,,,,,,,,,,,,,,,,,,,,,,,,
333,Willamette/Lower Columbia,Steelhead (Upper Willamette River DPS),Willamette,Molalla River,Steelhead (Upper Willamette River DPS) - Molalla River Winter-run,Molalla River-Winter-run,Steelhead,Winter-run,,1980,2008,1981,,2642,,0.7,,,771,0,0,0,0.48,0.41,0.11,0,,,,,,,,-99,,,,,,,,,,,,,,,,,,,,,,,,,,,,,,,,,,,,,,,,,,,,,,,,,,,,,,,,
333,Willamette/Lower Columbia,Steelhead (Upper Willamette River DPS),Willamette,Molalla River,Steelhead (Upper Willamette River DPS) - Molalla River Winter-run,Molalla River-Winter-run,Steelhead,Winter-run,,1980,2008,1982,,2321,,0.7,,,677,0,0,0,0.48,0.41,0.11,0,,,,,,,,-99,,,,,,,,,,,,,,,,,,,,,,,,,,,,,,,,,,,,,,,,,,,,,,,,,,,,,,,,
333,Willamette/Lower Columbia,Steelhead (Upper Willamette River DPS),Willamette,Molalla River,Steelhead (Upper Willamette River DPS) - Molalla River Winter-run,Molalla River-Winter-run,Steelhead,Winter-run,,1980,2008,1983,,1590,,0.7,,,464,0,0,0,0.48,0.41,0.11,0,,,,,,,,-99,,,,,,,,,,,,,,,,,,,,,,,,,,,,,,,,,,,,,,,,,,,,,,,,,,,,,,,,
333,Willamette/Lower Columbia,Steelhead (Upper Willamette River DPS),Willamette,Molalla River,Steelhead (Upper Willamette River DPS) - Molalla River Winter-run,Molalla River-Winter-run,Steelhead,Winter-run,,1980,2008,1984,,2244,,0.7,,,655,0,0,0,0.48,0.41,0.11,0,,,,,,,,-99,,,,,,,,,,,,,,,,,,,,,,,,,,,,,,,,,,,,,,,,,,,,,,,,,,,,,,,,
333,Willamette/Lower Columbia,Steelhead (Upper Willamette River DPS),Willamette,Molalla River,Steelhead (Upper Willamette River DPS) - Molalla River Winter-run,Molalla River-Winter-run,Steelhead,Winter-run,,1980,2008,1985,,3129,,0.7,,,913,0,0,0,0.48,0.41,0.11,0,,,,,,,,-99,,,,,,,,,,,,,,,,,,,,,,,,,,,,,,,,,,,,,,,,,,,,,,,,,,,,,,,,
333,Willamette/Lower Columbia,Steelhead (Upper Willamette River DPS),Willamette,Molalla River,Steelhead (Upper Willamette River DPS) - Molalla River Winter-run,Molalla River-Winter-run,Steelhead,Winter-run,,1980,2008,1986,,2944,,0.7,,,859,0,0,0,0.48,0.41,0.11,0,,,,,,,,-99,,,,,,,,,,,,,,,,,,,,,,,,,,,,,,,,,,,,,,,,,,,,,,,,,,,,,,,,
333,Willamette/Lower Columbia,Steelhead (Upper Willamette River DPS),Willamette,Molalla River,Steelhead (Upper Willamette River DPS) - Molalla River Winter-run,Molalla River-Winter-run,Steelhead,Winter-run,,1980,2008,1987,,2487,,0.7,,,725,0,0,0,0.48,0.41,0.11,0,,,,,,,,-99,,,,,,,,,,,,,,,,,,,,,,,,,,,,,,,,,,,,,,,,,,,,,,,,,,,,,,,,
333,Willamette/Lower Columbia,Steelhead (Upper Willamette River DPS),Willamette,Molalla River,Steelhead (Upper Willamette River DPS) - Molalla River Winter-run,Molalla River-Winter-run,Steelhead,Winter-run,,1980,2008,1988,,2757,,0.7,,,804,0,0,0,0.48,0.41,0.11,0,,,,,,,,-99,,,,,,,,,,,,,,,,,,,,,,,,,,,,,,,,,,,,,,,,,,,,,,,,,,,,,,,,
333,Willamette/Lower Columbia,Steelhead (Upper Willamette River DPS),Willamette,Molalla River,Steelhead (Upper Willamette River DPS) - Molalla River Winter-run,Molalla River-Winter-run,Steelhead,Winter-run,,1980,2008,1989,,2206,,0.7,,,643,0,0,0,0.48,0.41,0.11,0,,,,,,,,-99,,,,,,,,,,,,,,,,,,,,,,,,,,,,,,,,,,,,,,,,,,,,,,,,,,,,,,,,
333,Willamette/Lower Columbia,Steelhead (Upper Willamette River DPS),Willamette,Molalla River,Steelhead (Upper Willamette River DPS) - Molalla River Winter-run,Molalla River-Winter-run,Steelhead,Winter-run,,1980,2008,1990,,1879,,0.7,,,548,0,0,0,0.48,0.41,0.11,0,,,,,,,,-99,,,,,,,,,,,,,,,,,,,,,,,,,,,,,,,,,,,,,,,,,,,,,,,,,,,,,,,,
333,Willamette/Lower Columbia,Steelhead (Upper Willamette River DPS),Willamette,Molalla River,Steelhead (Upper Willamette River DPS) - Molalla River Winter-run,Molalla River-Winter-run,Steelhead,Winter-run,,1980,2008,1991,,1398,,0.7,,,408,0,0,0,0.48,0.41,0.11,0,,,,,,,,-99,,,,,,,,,,,,,,,,,,,,,,,,,,,,,,,,,,,,,,,,,,,,,,,,,,,,,,,,
333,Willamette/Lower Columbia,Steelhead (Upper Willamette River DPS),Willamette,Molalla River,Steelhead (Upper Willamette River DPS) - Molalla River Winter-run,Molalla River-Winter-run,Steelhead,Winter-run,,1980,2008,1992,,1898,,0.89,,,554,0,0,0,0.48,0.41,0.11,0,,,,,,,,-99,,,,,,,,,,,,,,,,,,,,,,,,,,,,,,,,,,,,,,,,,,,,,,,,,,,,,,,,
333,Willamette/Lower Columbia,Steelhead (Upper Willamette River DPS),Willamette,Molalla River,Steelhead (Upper Willamette River DPS) - Molalla River Winter-run,Molalla River-Winter-run,Steelhead,Winter-run,,1980,2008,1993,,577,,0.89,,,43,0,0,0,0.48,0.41,0.11,0,,,,,,,,-99,,,,,,,,,,,,,,,,,,,,,,,,,,,,,,,,,,,,,,,,,,,,,,,,,,,,,,,,
333,Willamette/Lower Columbia,Steelhead (Upper Willamette River DPS),Willamette,Molalla River,Steelhead (Upper Willamette River DPS) - Molalla River Winter-run,Molalla River-Winter-run,Steelhead,Winter-run,,1980,2008,1994,,2321,,0.89,,,172,0,0,0,0.48,0.41,0.11,0,,,,,,,,-99,,,,,,,,,,,,,,,,,,,,,,,,,,,,,,,,,,,,,,,,,,,,,,,,,,,,,,,,
333,Willamette/Lower Columbia,Steelhead (Upper Willamette River DPS),Willamette,Molalla River,Steelhead (Upper Willamette River DPS) - Molalla River Winter-run,Molalla River-Winter-run,Steelhead,Winter-run,,1980,2008,1995,,898,,0.89,,,67,0,0,0,0.48,0.41,0.11,0,,,,,,,,-99,,,,,,,,,,,,,,,,,,,,,,,,,,,,,,,,,,,,,,,,,,,,,,,,,,,,,,,,
333,Willamette/Lower Columbia,Steelhead (Upper Willamette River DPS),Willamette,Molalla River,Steelhead (Upper Willamette River DPS) - Molalla River Winter-run,Molalla River-Winter-run,Steelhead,Winter-run,,1980,2008,1996,,398,,0.89,,,29,0,0,0,0.48,0.41,0.11,0,,,,,,,,-99,,,,,,,,,,,,,,,,,,,,,,,,,,,,,,,,,,,,,,,,,,,,,,,,,,,,,,,,
333,Willamette/Lower Columbia,Steelhead (Upper Willamette River DPS),Willamette,Molalla River,Steelhead (Upper Willamette River DPS) - Molalla River Winter-run,Molalla River-Winter-run,Steelhead,Winter-run,,1980,2008,1997,,590,,0.89,,,44,0,0,0,0.48,0.41,0.11,0,,,,,,,,-99,,,,,,,,,,,,,,,,,,,,,,,,,,,,,,,,,,,,,,,,,,,,,,,,,,,,,,,,
333,Willamette/Lower Columbia,Steelhead (Upper Willamette River DPS),Willamette,Molalla River,Steelhead (Upper Willamette River DPS) - Molalla River Winter-run,Molalla River-Winter-run,Steelhead,Winter-run,,1980,2008,1998,,1411,,0.89,,,105,0,0,0,0.48,0.41,0.11,0,,,,,,,,-99,,,,,,,,,,,,,,,,,,,,,,,,,,,,,,,,,,,,,,,,,,,,,,,,,,,,,,,,
334,Willamette/Lower Columbia,Steelhead (Upper Willamette River DPS),Willamette,North Santiam River,Steelhead (Upper Willamette River DPS) - North Santiam River Winter-run,North Santiam River-Winter-run,Steelhead,Winter-run,,1980,2014,1980,,4741,,0.85,,,1178,0,0,0,0.48,0.41,0.11,0,,,,,,,,-99,,,,,,,,,,,,,,,,,,,,,,,,,,,,,,,,,,,,,,,,,,,,,,,,,,,,,,,,
334,Willamette/Lower Columbia,Steelhead (Upper Willamette River DPS),Willamette,North Santiam River,Steelhead (Upper Willamette River DPS) - North Santiam River Winter-run,North Santiam River-Winter-run,Steelhead,Winter-run,,1980,2014,1981,,4108,,0.85,,,1021,0,0,0,0.48,0.41,0.11,0,,,,,,,,-99,,,,,,,,,,,,,,,,,,,,,,,,,,,,,,,,,,,,,,,,,,,,,,,,,,,,,,,,
334,Willamette/Lower Columbia,Steelhead (Upper Willamette River DPS),Willamette,North Santiam River,Steelhead (Upper Willamette River DPS) - North Santiam River Winter-run,North Santiam River-Winter-run,Steelhead,Winter-run,,1980,2014,1982,,3701,,0.85,,,920,0,0,0,0.48,0.41,0.11,0,,,,,,,,-99,,,,,,,,,,,,,,,,,,,,,,,,,,,,,,,,,,,,,,,,,,,,,,,,,,,,,,,,
334,Willamette/Lower Columbia,Steelhead (Upper Willamette River DPS),Willamette,North Santiam River,Steelhead (Upper Willamette River DPS) - North Santiam River Winter-run,North Santiam River-Winter-run,Steelhead,Winter-run,,1980,2014,1983,,4185,,0.85,,,1040,0,0,0,0.48,0.41,0.11,0,,,,,,,,-99,,,,,,,,,,,,,,,,,,,,,,,,,,,,,,,,,,,,,,,,,,,,,,,,,,,,,,,,
334,Willamette/Lower Columbia,Steelhead (Upper Willamette River DPS),Willamette,North Santiam River,Steelhead (Upper Willamette River DPS) - North Santiam River Winter-run,North Santiam River-Winter-run,Steelhead,Winter-run,,1980,2014,1984,,4188,,0.85,,,1041,0,0,0,0.48,0.41,0.11,0,,,,,,,,-99,,,,,,,,,,,,,,,,,,,,,,,,,,,,,,,,,,,,,,,,,,,,,,,,,,,,,,,,
334,Willamette/Lower Columbia,Steelhead (Upper Willamette River DPS),Willamette,North Santiam River,Steelhead (Upper Willamette River DPS) - North Santiam River Winter-run,North Santiam River-Winter-run,Steelhead,Winter-run,,1980,2014,1985,,6966,,0.85,,,1731,0,0,0,0.48,0.41,0.11,0,,,,,,,,-99,,,,,,,,,,,,,,,,,,,,,,,,,,,,,,,,,,,,,,,,,,,,,,,,,,,,,,,,
334,Willamette/Lower Columbia,Steelhead (Upper Willamette River DPS),Willamette,North Santiam River,Steelhead (Upper Willamette River DPS) - North Santiam River Winter-run,North Santiam River-Winter-run,Steelhead,Winter-run,,1980,2014,1986,,4618,,0.85,,,1145,0,0,0,0.48,0.41,0.11,0,,,,,,,,-99,,,,,,,,,,,,,,,,,,,,,,,,,,,,,,,,,,,,,,,,,,,,,,,,,,,,,,,,
334,Willamette/Lower Columbia,Steelhead (Upper Willamette River DPS),Willamette,North Santiam River,Steelhead (Upper Willamette River DPS) - North Santiam River Winter-run,North Santiam River-Winter-run,Steelhead,Winter-run,,1980,2014,1987,,4523,,0.85,,,1124,0,0,0,0.48,0.41,0.11,0,,,,,,,,-99,,,,,,,,,,,,,,,,,,,,,,,,,,,,,,,,,,,,,,,,,,,,,,,,,,,,,,,,
334,Willamette/Lower Columbia,Steelhead (Upper Willamette River DPS),Willamette,North Santiam River,Steelhead (Upper Willamette River DPS) - North Santiam River Winter-run,North Santiam River-Winter-run,Steelhead,Winter-run,,1980,2014,1988,,2444,,0.85,,,607,0,0,0,0.48,0.41,0.11,0,,,,,,,,-99,,,,,,,,,,,,,,,,,,,,,,,,,,,,,,,,,,,,,,,,,,,,,,,,,,,,,,,,
334,Willamette/Lower Columbia,Steelhead (Upper Willamette River DPS),Willamette,North Santiam River,Steelhead (Upper Willamette River DPS) - North Santiam River Winter-run,North Santiam River-Winter-run,Steelhead,Winter-run,,1980,2014,1989,,4725,,0.85,,,1174,0,0,0,0.48,0.41,0.11,0,,,,,,,,-99,,,,,,,,,,,,,,,,,,,,,,,,,,,,,,,,,,,,,,,,,,,,,,,,,,,,,,,,
334,Willamette/Lower Columbia,Steelhead (Upper Willamette River DPS),Willamette,North Santiam River,Steelhead (Upper Willamette River DPS) - North Santiam River Winter-run,North Santiam River-Winter-run,Steelhead,Winter-run,,1980,2014,1990,,3488,,0.85,,,867,0,0,0,0.48,0.41,0.11,0,,,,,,,,-99,,,,,,,,,,,,,,,,,,,,,,,,,,,,,,,,,,,,,,,,,,,,,,,,,,,,,,,,
334,Willamette/Lower Columbia,Steelhead (Upper Willamette River DPS),Willamette,North Santiam River,Steelhead (Upper Willamette River DPS) - North Santiam River Winter-run,North Santiam River-Winter-run,Steelhead,Winter-run,,1980,2014,1991,,3443,,0.85,,,855,0,0,0,0.48,0.41,0.11,0,,,,,,,,-99,,,,,,,,,,,,,,,,,,,,,,,,,,,,,,,,,,,,,,,,,,,,,,,,,,,,,,,,
334,Willamette/Lower Columbia,Steelhead (Upper Willamette River DPS),Willamette,North Santiam River,Steelhead (Upper Willamette River DPS) - North Santiam River Winter-run,North Santiam River-Winter-run,Steelhead,Winter-run,,1980,2014,1992,,2484,,0.85,,,617,0,0,0,0.48,0.41,0.11,0,,,,,,,,-99,,,,,,,,,,,,,,,,,,,,,,,,,,,,,,,,,,,,,,,,,,,,,,,,,,,,,,,,
30,Willamette/Lower Columbia,"Salmon, Chinook (Lower Columbia River ESU)",Cascade,Washougal River,Chinook Salmon (Lower Columbia River ESU) - Washougal River Fall-run,Washougal River-Fall-run,Chinook,Fall-run,,1977,2014,1977,,1652,,0.46,,,-99,0,0.104,0.015,0.43,0.451,0,-99,,,,,,,,-99,,,,,,,,,,,,,,,,,,,,,,,,,,,,,,,,,,,,,,,,,,,,,,,,,,,,,,,,
30,Willamette/Lower Columbia,"Salmon, Chinook (Lower Columbia River ESU)",Cascade,Washougal River,Chinook Salmon (Lower Columbia River ESU) - Washougal River Fall-run,Washougal River-Fall-run,Chinook,Fall-run,,1977,2014,1978,,593,,0.46,,,-99,0,0.22,0.373,0.122,0.285,0,-99,,,,,,,,-99,,,,,,,,,,,,,,,,,,,,,,,,,,,,,,,,,,,,,,,,,,,,,,,,,,,,,,,,
30,Willamette/Lower Columbia,"Salmon, Chinook (Lower Columbia River ESU)",Cascade,Washougal River,Chinook Salmon (Lower Columbia River ESU) - Washougal River Fall-run,Washougal River-Fall-run,Chinook,Fall-run,,1977,2014,1979,,2388,,0.46,,,-99,0,0.057,0.195,0.729,0.02,0,-99,,,,,,,,-99,,,,,,,,,,,,,,,,,,,,,,,,,,,,,,,,,,,,,,,,,,,,,,,,,,,,,,,,
30,Willamette/Lower Columbia,"Salmon, Chinook (Lower Columbia River ESU)",Cascade,Washougal River,Chinook Salmon (Lower Columbia River ESU) - Washougal River Fall-run,Washougal River-Fall-run,Chinook,Fall-run,,1977,2014,1980,,3437,,0.46,,,-99,0,0.001,0.091,0.692,0.216,0,-99,,,,,,,,-99,,,,,,,,,,,,,,,,,,,,,,,,,,,,,,,,,,,,,,,,,,,,,,,,,,,,,,,,
30,Willamette/Lower Columbia,"Salmon, Chinook (Lower Columbia River ESU)",Cascade,Washougal River,Chinook Salmon (Lower Columbia River ESU) - Washougal River Fall-run,Washougal River-Fall-run,Chinook,Fall-run,,1977,2014,1981,,1841,,0.46,,,-99,0,0.129,0.002,0.533,0.337,0,-99,,,,,,,,-99,,,,,,,,,,,,,,,,,,,,,,,,,,,,,,,,,,,,,,,,,,,,,,,,,,,,,,,,
30,Willamette/Lower Columbia,"Salmon, Chinook (Lower Columbia River ESU)",Cascade,Washougal River,Chinook Salmon (Lower Columbia River ESU) - Washougal River Fall-run,Washougal River-Fall-run,Chinook,Fall-run,,1977,2014,1982,,330,,0.46,,,-99,0,0.042,0.533,0.017,0.407,0,-99,,,,,,,,-99,,,,,,,,,,,,,,,,,,,,,,,,,,,,,,,,,,,,,,,,,,,,,,,,,,,,,,,,
30,Willamette/Lower Columbia,"Salmon, Chinook (Lower Columbia River ESU)",Cascade,Washougal River,Chinook Salmon (Lower Columbia River ESU) - Washougal River Fall-run,Washougal River-Fall-run,Chinook,Fall-run,,1977,2014,1983,,2677,,0.46,,,-99,0,0.078,0.032,0.888,0.002,0,-99,,,,,,,,-99,,,,,,,,,,,,,,,,,,,,,,,,,,,,,,,,,,,,,,,,,,,,,,,,,,,,,,,,
30,Willamette/Lower Columbia,"Salmon, Chinook (Lower Columbia River ESU)",Cascade,Washougal River,Chinook Salmon (Lower Columbia River ESU) - Washougal River Fall-run,Washougal River-Fall-run,Chinook,Fall-run,,1977,2014,1984,,1217,,0.46,,,-99,0,0.05,0.237,0.214,0.499,0,-99,,,,,,,,-99,,,,,,,,,,,,,,,,,,,,,,,,,,,,,,,,,,,,,,,,,,,,,,,,,,,,,,,,
30,Willamette/Lower Columbia,"Salmon, Chinook (Lower Columbia River ESU)",Cascade,Washougal River,Chinook Salmon (Lower Columbia River ESU) - Washougal River Fall-run,Washougal River-Fall-run,Chinook,Fall-run,,1977,2014,1985,,1983,,0.46,,,-99,0,0.111,0.073,0.759,0.057,0,-99,,,,,,,,-99,,,,,,,,,,,,,,,,,,,,,,,,,,,,,,,,,,,,,,,,,,,,,,,,,,,,,,,,
30,Willamette/Lower Columbia,"Salmon, Chinook (Lower Columbia River ESU)",Cascade,Washougal River,Chinook Salmon (Lower Columbia River ESU) - Washougal River Fall-run,Washougal River-Fall-run,Chinook,Fall-run,,1977,2014,1986,,1589,,0.46,,,-99,0,0.09,0.246,0.355,0.309,0,-99,,,,,,,,-99,,,,,,,,,,,,,,,,,,,,,,,,,,,,,,,,,,,,,,,,,,,,,,,,,,,,,,,,
30,Willamette/Lower Columbia,"Salmon, Chinook (Lower Columbia River ESU)",Cascade,Washougal River,Chinook Salmon (Lower Columbia River ESU) - Washougal River Fall-run,Washougal River-Fall-run,Chinook,Fall-run,,1977,2014,1987,,3578,,0.46,,,-99,0,0.099,0.116,0.701,0.085,0,-99,,,,,,,,-99,,,,,,,,,,,,,,,,,,,,,,,,,,,,,,,,,,,,,,,,,,,,,,,,,,,,,,,,
30,Willamette/Lower Columbia,"Salmon, Chinook (Lower Columbia River ESU)",Cascade,Washougal River,Chinook Salmon (Lower Columbia River ESU) - Washougal River Fall-run,Washougal River-Fall-run,Chinook,Fall-run,,1977,2014,1988,,3135,,0.46,,,-99,0,0.024,0.199,0.517,0.26,0,-99,,,,,,,,-99,,,,,,,,,,,,,,,,,,,,,,,,,,,,,,,,,,,,,,,,,,,,,,,,,,,,,,,,
30,Willamette/Lower Columbia,"Salmon, Chinook (Lower Columbia River ESU)",Cascade,Washougal River,Chinook Salmon (Lower Columbia River ESU) - Washougal River Fall-run,Washougal River-Fall-run,Chinook,Fall-run,,1977,2014,1989,,4408,,0.46,,,-99,0,0.037,0.041,0.757,0.164,0,-99,,,,,,,,-99,,,,,,,,,,,,,,,,,,,,,,,,,,,,,,,,,,,,,,,,,,,,,,,,,,,,,,,,
30,Willamette/Lower Columbia,"Salmon, Chinook (Lower Columbia River ESU)",Cascade,Washougal River,Chinook Salmon (Lower Columbia River ESU) - Washougal River Fall-run,Washougal River-Fall-run,Chinook,Fall-run,,1977,2014,1990,,2062,,0.46,,,-99,0,0.179,0.113,0.28,0.428,0,-99,,,,,,,,-99,,,,,,,,,,,,,,,,,,,,,,,,,,,,,,,,,,,,,,,,,,,,,,,,,,,,,,,,
